file,class,method,variable,usage
/home/mohit/projects/Intra-master/Android/app/src/main/java/app/intra/sys/CountryCode.java,app.intra.sys.CountryCode,getNetworkCountry/0,networkCountry,1
/home/mohit/projects/Intra-master/Android/app/src/main/java/app/intra/sys/CountryCode.java,app.intra.sys.CountryCode,CountryCode/1[app.intra.sys.Context],networkCountry,1
/home/mohit/projects/Intra-master/Android/app/src/main/java/app/intra/sys/CountryCode.java,app.intra.sys.CountryCode,CountryCode/1[app.intra.sys.Context],deviceCountry,1
/home/mohit/projects/Intra-master/Android/app/src/main/java/app/intra/sys/CountryCode.java,app.intra.sys.CountryCode,getDeviceCountry/0,deviceCountry,1
/home/mohit/projects/Intra-master/Android/app/src/main/java/app/intra/ui/RecyclerAdapter.java,app.intra.ui.RecyclerAdapter,add/1[app.intra.net.doh.Transaction],transactions,1
/home/mohit/projects/Intra-master/Android/app/src/main/java/app/intra/ui/RecyclerAdapter.java,app.intra.ui.RecyclerAdapter,getItem/1[int],transactions,2
/home/mohit/projects/Intra-master/Android/app/src/main/java/app/intra/ui/RecyclerAdapter.java,app.intra.ui.RecyclerAdapter,getItemCount/0,transactions,1
/home/mohit/projects/Intra-master/Android/app/src/main/java/app/intra/ui/RecyclerAdapter.java,app.intra.ui.RecyclerAdapter,reset/1[java.util.Queue<app.intra.net.doh.Transaction>],transactions,5
/home/mohit/projects/Intra-master/Android/app/src/main/java/app/intra/ui/RecyclerAdapter.java,app.intra.ui.RecyclerAdapter,reset/1[java.util.Queue<app.intra.net.doh.Transaction>],countryMap,1
/home/mohit/projects/Intra-master/Android/app/src/main/java/app/intra/ui/RecyclerAdapter.java,app.intra.ui.RecyclerAdapter,getItemViewType/1[int],TYPE_TRANSACTION,1
/home/mohit/projects/Intra-master/Android/app/src/main/java/app/intra/ui/RecyclerAdapter.java,app.intra.ui.RecyclerAdapter,getItemViewType/1[int],TYPE_CONTROLS,1
/home/mohit/projects/Intra-master/Android/app/src/main/java/app/intra/ui/RecyclerAdapter.java,app.intra.ui.RecyclerAdapter,activateCountryMap/0,activity,1
/home/mohit/projects/Intra-master/Android/app/src/main/java/app/intra/ui/RecyclerAdapter.java,app.intra.ui.RecyclerAdapter,activateCountryMap/0,countryMap,2
/home/mohit/projects/Intra-master/Android/app/src/main/java/app/intra/ui/RecyclerAdapter.java,app.intra.ui.RecyclerAdapter,"onCreateViewHolder/2[app.intra.ui.ViewGroup,int]",activity,2
/home/mohit/projects/Intra-master/Android/app/src/main/java/app/intra/ui/RecyclerAdapter.java,app.intra.ui.RecyclerAdapter,"onCreateViewHolder/2[app.intra.ui.ViewGroup,int]",TYPE_TRANSACTION,1
/home/mohit/projects/Intra-master/Android/app/src/main/java/app/intra/ui/RecyclerAdapter.java,app.intra.ui.RecyclerAdapter,"onCreateViewHolder/2[app.intra.ui.ViewGroup,int]",TYPE_CONTROLS,1
/home/mohit/projects/Intra-master/Android/app/src/main/java/app/intra/ui/RecyclerAdapter.java,app.intra.ui.RecyclerAdapter,RecyclerAdapter/1[app.intra.ui.MainActivity],activity,5
/home/mohit/projects/Intra-master/Android/app/src/main/java/app/intra/ui/RecyclerAdapter.java,app.intra.ui.RecyclerAdapter,RecyclerAdapter/1[app.intra.ui.MainActivity],condensedColor,1
/home/mohit/projects/Intra-master/Android/app/src/main/java/app/intra/ui/RecyclerAdapter.java,app.intra.ui.RecyclerAdapter,RecyclerAdapter/1[app.intra.ui.MainActivity],expandedColor,1
/home/mohit/projects/Intra-master/Android/app/src/main/java/app/intra/sys/firebase/BundleBuilder.java,app.intra.sys.firebase.BundleBuilder,"put/2[app.intra.sys.firebase.BundleBuilder.Params,java.lang.String]",bundle,1
/home/mohit/projects/Intra-master/Android/app/src/main/java/app/intra/sys/firebase/BundleBuilder.java,app.intra.sys.firebase.BundleBuilder,"put/2[app.intra.sys.firebase.BundleBuilder.Params,long]",bundle,1
/home/mohit/projects/Intra-master/Android/app/src/main/java/app/intra/sys/firebase/BundleBuilder.java,app.intra.sys.firebase.BundleBuilder,"put/2[app.intra.sys.firebase.BundleBuilder.Params,int]",bundle,1
/home/mohit/projects/Intra-master/Android/app/src/main/java/app/intra/sys/firebase/BundleBuilder.java,app.intra.sys.firebase.BundleBuilder,build/0,bundle,1
/home/mohit/projects/Intra-master/Android/app/src/main/java/app/intra/ui/CountryMap.java,app.intra.ui.CountryMap,"lessEqual/3[byte[],int,byte[]]",db,2
/home/mohit/projects/Intra-master/Android/app/src/main/java/app/intra/ui/CountryMap.java,app.intra.ui.CountryMap,CountryMap/1[app.intra.ui.AssetManager],db,1
/home/mohit/projects/Intra-master/Android/app/src/main/java/app/intra/ui/CountryMap.java,app.intra.ui.CountryMap,getCountryCode/1[java.net.InetAddress],COUNTRY_SIZE,2
/home/mohit/projects/Intra-master/Android/app/src/main/java/app/intra/ui/CountryMap.java,app.intra.ui.CountryMap,getCountryCode/1[java.net.InetAddress],db,2
/home/mohit/projects/Intra-master/Android/app/src/main/java/app/intra/net/doh/Race.java,app.intra.net.doh.Race$Callback,onCompleted/1[boolean],index,1
/home/mohit/projects/Intra-master/Android/app/src/main/java/app/intra/net/doh/Race.java,app.intra.net.doh.Race$Callback,onCompleted/1[boolean],collector,1
/home/mohit/projects/Intra-master/Android/app/src/main/java/app/intra/net/doh/Race.java,app.intra.net.doh.Race$Callback,"Callback/2[int,app.intra.net.doh.Race.Collector]",index,3
/home/mohit/projects/Intra-master/Android/app/src/main/java/app/intra/net/doh/Race.java,app.intra.net.doh.Race$Callback,"Callback/2[int,app.intra.net.doh.Race.Collector]",collector,3
/home/mohit/projects/Intra-master/Android/app/src/main/java/app/intra/net/go/GoVpnAdapter.java,app.intra.net.go.GoVpnAdapter,updateDohUrl/0,tunFd,1
/home/mohit/projects/Intra-master/Android/app/src/main/java/app/intra/net/go/GoVpnAdapter.java,app.intra.net.go.GoVpnAdapter,updateDohUrl/0,vpnService,2
/home/mohit/projects/Intra-master/Android/app/src/main/java/app/intra/net/go/GoVpnAdapter.java,app.intra.net.go.GoVpnAdapter,updateDohUrl/0,tunnel,4
/home/mohit/projects/Intra-master/Android/app/src/main/java/app/intra/net/go/GoVpnAdapter.java,app.intra.net.go.GoVpnAdapter,establishVpn/1[app.intra.sys.IntraVpnService],IPV4_TEMPLATE,2
/home/mohit/projects/Intra-master/Android/app/src/main/java/app/intra/net/go/GoVpnAdapter.java,app.intra.net.go.GoVpnAdapter,establishVpn/1[app.intra.sys.IntraVpnService],IPV4_PREFIX_LENGTH,1
/home/mohit/projects/Intra-master/Android/app/src/main/java/app/intra/net/go/GoVpnAdapter.java,app.intra.net.go.GoVpnAdapter,establishVpn/1[app.intra.sys.IntraVpnService],vpnService,3
/home/mohit/projects/Intra-master/Android/app/src/main/java/app/intra/net/go/GoVpnAdapter.java,app.intra.net.go.GoVpnAdapter,establishVpn/1[app.intra.sys.IntraVpnService],VPN_INTERFACE_MTU,1
/home/mohit/projects/Intra-master/Android/app/src/main/java/app/intra/net/go/GoVpnAdapter.java,app.intra.net.go.GoVpnAdapter,close/0,tunFd,3
/home/mohit/projects/Intra-master/Android/app/src/main/java/app/intra/net/go/GoVpnAdapter.java,app.intra.net.go.GoVpnAdapter,close/0,tunnel,2
/home/mohit/projects/Intra-master/Android/app/src/main/java/app/intra/net/go/GoVpnAdapter.java,app.intra.net.go.GoVpnAdapter,makeDohTransport/1[java.lang.String],listener,1
/home/mohit/projects/Intra-master/Android/app/src/main/java/app/intra/net/go/GoVpnAdapter.java,app.intra.net.go.GoVpnAdapter,makeDohTransport/1[java.lang.String],vpnService,4
/home/mohit/projects/Intra-master/Android/app/src/main/java/app/intra/net/go/GoVpnAdapter.java,app.intra.net.go.GoVpnAdapter,getProtector/0,vpnService,1
/home/mohit/projects/Intra-master/Android/app/src/main/java/app/intra/net/go/GoVpnAdapter.java,app.intra.net.go.GoVpnAdapter,"GoVpnAdapter/2[app.intra.sys.IntraVpnService,app.intra.net.go.ParcelFileDescriptor]",tunFd,3
/home/mohit/projects/Intra-master/Android/app/src/main/java/app/intra/net/go/GoVpnAdapter.java,app.intra.net.go.GoVpnAdapter,"GoVpnAdapter/2[app.intra.sys.IntraVpnService,app.intra.net.go.ParcelFileDescriptor]",vpnService,3
/home/mohit/projects/Intra-master/Android/app/src/main/java/app/intra/net/go/GoVpnAdapter.java,app.intra.net.go.GoVpnAdapter,connectTunnel/0,LOG_TAG,1
/home/mohit/projects/Intra-master/Android/app/src/main/java/app/intra/net/go/GoVpnAdapter.java,app.intra.net.go.GoVpnAdapter,connectTunnel/0,tunFd,1
/home/mohit/projects/Intra-master/Android/app/src/main/java/app/intra/net/go/GoVpnAdapter.java,app.intra.net.go.GoVpnAdapter,connectTunnel/0,listener,2
/home/mohit/projects/Intra-master/Android/app/src/main/java/app/intra/net/go/GoVpnAdapter.java,app.intra.net.go.GoVpnAdapter,connectTunnel/0,vpnService,3
/home/mohit/projects/Intra-master/Android/app/src/main/java/app/intra/net/go/GoVpnAdapter.java,app.intra.net.go.GoVpnAdapter,connectTunnel/0,DNS_DEFAULT_PORT,1
/home/mohit/projects/Intra-master/Android/app/src/main/java/app/intra/net/go/GoVpnAdapter.java,app.intra.net.go.GoVpnAdapter,connectTunnel/0,tunnel,2
/home/mohit/projects/Intra-master/Android/app/src/main/java/app/intra/net/go/GoVpnAdapter.java,app.intra.net.go.GoVpnAdapter,connectTunnel/0,FAKE_DNS_IP,1
/home/mohit/projects/Intra-master/Android/app/src/main/java/app/intra/net/go/GoVpnAdapter.java,app.intra.net.go.GoVpnAdapter,enableChoir/0,LOG_TAG,1
/home/mohit/projects/Intra-master/Android/app/src/main/java/app/intra/net/go/GoVpnAdapter.java,app.intra.net.go.GoVpnAdapter,enableChoir/0,CHOIR_FILENAME,1
/home/mohit/projects/Intra-master/Android/app/src/main/java/app/intra/net/go/GoVpnAdapter.java,app.intra.net.go.GoVpnAdapter,enableChoir/0,vpnService,2
/home/mohit/projects/Intra-master/Android/app/src/main/java/app/intra/net/go/GoVpnAdapter.java,app.intra.net.go.GoVpnAdapter,enableChoir/0,tunnel,1
/home/mohit/projects/Intra-master/Android/app/src/main/java/app/intra/net/go/GoVpnAdapter.java,app.intra.net.go.GoVpnAdapter,establish/1[app.intra.sys.IntraVpnService],vpnService,3
/home/mohit/projects/Intra-master/Android/app/src/main/java/app/intra/sys/PersistentState.java,app.intra.sys.PersistentState,syncLegacyState/1[app.intra.sys.Context],LOG_TAG,1
/home/mohit/projects/Intra-master/Android/app/src/main/java/app/intra/sys/PersistentState.java,app.intra.sys.PersistentState,syncLegacyState/1[app.intra.sys.Context],SERVER_KEY,1
/home/mohit/projects/Intra-master/Android/app/src/main/java/app/intra/sys/PersistentState.java,app.intra.sys.PersistentState,getApprovalSettings/1[app.intra.sys.Context],APPROVAL_PREFS_NAME,1
/home/mohit/projects/Intra-master/Android/app/src/main/java/app/intra/sys/PersistentState.java,app.intra.sys.PersistentState,getVpnEnabled/1[app.intra.sys.Context],ENABLED_KEY,1
/home/mohit/projects/Intra-master/Android/app/src/main/java/app/intra/sys/PersistentState.java,app.intra.sys.PersistentState,getInternalState/1[app.intra.sys.Context],INTERNAL_STATE_NAME,1
/home/mohit/projects/Intra-master/Android/app/src/main/java/app/intra/sys/PersistentState.java,app.intra.sys.PersistentState,"setWelcomeApproved/2[app.intra.sys.Context,boolean]",APPROVED_KEY,1
/home/mohit/projects/Intra-master/Android/app/src/main/java/app/intra/sys/PersistentState.java,app.intra.sys.PersistentState,"setServerUrl/2[app.intra.sys.Context,java.lang.String]",URL_KEY,1
/home/mohit/projects/Intra-master/Android/app/src/main/java/app/intra/sys/PersistentState.java,app.intra.sys.PersistentState,"setVpnEnabled/2[app.intra.sys.Context,boolean]",ENABLED_KEY,1
/home/mohit/projects/Intra-master/Android/app/src/main/java/app/intra/sys/PersistentState.java,app.intra.sys.PersistentState,extractHost/1[java.lang.String],LOG_TAG,1
/home/mohit/projects/Intra-master/Android/app/src/main/java/app/intra/sys/PersistentState.java,app.intra.sys.PersistentState,getServerUrl/1[app.intra.sys.Context],URL_KEY,1
/home/mohit/projects/Intra-master/Android/app/src/main/java/app/intra/sys/PersistentState.java,app.intra.sys.PersistentState,getExcludedPackages/1[app.intra.sys.Context],APPS_KEY,1
/home/mohit/projects/Intra-master/Android/app/src/main/java/app/intra/sys/PersistentState.java,app.intra.sys.PersistentState,getWelcomeApproved/1[app.intra.sys.Context],APPROVED_KEY,1
/home/mohit/projects/Intra-master/Android/app/src/main/java/app/intra/ui/IntroDialog.java,app.intra.ui.IntroDialog$ButtonVisibilityUpdater,"ButtonVisibilityUpdater/3[app.intra.ui.Button,app.intra.ui.Button,app.intra.ui.Button]",nextButton,3
/home/mohit/projects/Intra-master/Android/app/src/main/java/app/intra/ui/IntroDialog.java,app.intra.ui.IntroDialog$ButtonVisibilityUpdater,"ButtonVisibilityUpdater/3[app.intra.ui.Button,app.intra.ui.Button,app.intra.ui.Button]",backButton,3
/home/mohit/projects/Intra-master/Android/app/src/main/java/app/intra/ui/IntroDialog.java,app.intra.ui.IntroDialog$ButtonVisibilityUpdater,"ButtonVisibilityUpdater/3[app.intra.ui.Button,app.intra.ui.Button,app.intra.ui.Button]",acceptButton,3
/home/mohit/projects/Intra-master/Android/app/src/main/java/app/intra/ui/IntroDialog.java,app.intra.ui.IntroDialog$ButtonVisibilityUpdater,onPageSelected/1[int],nextButton,1
/home/mohit/projects/Intra-master/Android/app/src/main/java/app/intra/ui/IntroDialog.java,app.intra.ui.IntroDialog$ButtonVisibilityUpdater,onPageSelected/1[int],backButton,1
/home/mohit/projects/Intra-master/Android/app/src/main/java/app/intra/ui/IntroDialog.java,app.intra.ui.IntroDialog$ButtonVisibilityUpdater,onPageSelected/1[int],acceptButton,1
/home/mohit/projects/Intra-master/Android/app/src/main/java/app/intra/ui/RecyclerAdapter.java,app.intra.ui.RecyclerAdapter$TransactionViewHolder,update/1[app.intra.ui.RecyclerAdapter.Transaction],hostnameView,1
/home/mohit/projects/Intra-master/Android/app/src/main/java/app/intra/ui/RecyclerAdapter.java,app.intra.ui.RecyclerAdapter$TransactionViewHolder,update/1[app.intra.ui.RecyclerAdapter.Transaction],flagView,1
/home/mohit/projects/Intra-master/Android/app/src/main/java/app/intra/ui/RecyclerAdapter.java,app.intra.ui.RecyclerAdapter$TransactionViewHolder,update/1[app.intra.ui.RecyclerAdapter.Transaction],timeView,1
/home/mohit/projects/Intra-master/Android/app/src/main/java/app/intra/ui/RecyclerAdapter.java,app.intra.ui.RecyclerAdapter$TransactionViewHolder,update/1[app.intra.ui.RecyclerAdapter.Transaction],transaction,3
/home/mohit/projects/Intra-master/Android/app/src/main/java/app/intra/ui/RecyclerAdapter.java,app.intra.ui.RecyclerAdapter$TransactionViewHolder,setExpanded/1[boolean],latencyView,1
/home/mohit/projects/Intra-master/Android/app/src/main/java/app/intra/ui/RecyclerAdapter.java,app.intra.ui.RecyclerAdapter$TransactionViewHolder,setExpanded/1[boolean],fqdnView,1
/home/mohit/projects/Intra-master/Android/app/src/main/java/app/intra/ui/RecyclerAdapter.java,app.intra.ui.RecyclerAdapter$TransactionViewHolder,setExpanded/1[boolean],rowView,1
/home/mohit/projects/Intra-master/Android/app/src/main/java/app/intra/ui/RecyclerAdapter.java,app.intra.ui.RecyclerAdapter$TransactionViewHolder,setExpanded/1[boolean],detailsView,1
/home/mohit/projects/Intra-master/Android/app/src/main/java/app/intra/ui/RecyclerAdapter.java,app.intra.ui.RecyclerAdapter$TransactionViewHolder,setExpanded/1[boolean],expandButton,1
/home/mohit/projects/Intra-master/Android/app/src/main/java/app/intra/ui/RecyclerAdapter.java,app.intra.ui.RecyclerAdapter$TransactionViewHolder,setExpanded/1[boolean],resolverView,2
/home/mohit/projects/Intra-master/Android/app/src/main/java/app/intra/ui/RecyclerAdapter.java,app.intra.ui.RecyclerAdapter$TransactionViewHolder,setExpanded/1[boolean],typeView,1
/home/mohit/projects/Intra-master/Android/app/src/main/java/app/intra/ui/RecyclerAdapter.java,app.intra.ui.RecyclerAdapter$TransactionViewHolder,setExpanded/1[boolean],responseView,1
/home/mohit/projects/Intra-master/Android/app/src/main/java/app/intra/ui/RecyclerAdapter.java,app.intra.ui.RecyclerAdapter$TransactionViewHolder,TransactionViewHolder/1[app.intra.ui.View],hostnameView,1
/home/mohit/projects/Intra-master/Android/app/src/main/java/app/intra/ui/RecyclerAdapter.java,app.intra.ui.RecyclerAdapter$TransactionViewHolder,TransactionViewHolder/1[app.intra.ui.View],flagView,1
/home/mohit/projects/Intra-master/Android/app/src/main/java/app/intra/ui/RecyclerAdapter.java,app.intra.ui.RecyclerAdapter$TransactionViewHolder,TransactionViewHolder/1[app.intra.ui.View],latencyView,1
/home/mohit/projects/Intra-master/Android/app/src/main/java/app/intra/ui/RecyclerAdapter.java,app.intra.ui.RecyclerAdapter$TransactionViewHolder,TransactionViewHolder/1[app.intra.ui.View],fqdnView,1
/home/mohit/projects/Intra-master/Android/app/src/main/java/app/intra/ui/RecyclerAdapter.java,app.intra.ui.RecyclerAdapter$TransactionViewHolder,TransactionViewHolder/1[app.intra.ui.View],rowView,1
/home/mohit/projects/Intra-master/Android/app/src/main/java/app/intra/ui/RecyclerAdapter.java,app.intra.ui.RecyclerAdapter$TransactionViewHolder,TransactionViewHolder/1[app.intra.ui.View],timeView,1
/home/mohit/projects/Intra-master/Android/app/src/main/java/app/intra/ui/RecyclerAdapter.java,app.intra.ui.RecyclerAdapter$TransactionViewHolder,TransactionViewHolder/1[app.intra.ui.View],expandButton,2
/home/mohit/projects/Intra-master/Android/app/src/main/java/app/intra/ui/RecyclerAdapter.java,app.intra.ui.RecyclerAdapter$TransactionViewHolder,TransactionViewHolder/1[app.intra.ui.View],detailsView,1
/home/mohit/projects/Intra-master/Android/app/src/main/java/app/intra/ui/RecyclerAdapter.java,app.intra.ui.RecyclerAdapter$TransactionViewHolder,TransactionViewHolder/1[app.intra.ui.View],resolverView,1
/home/mohit/projects/Intra-master/Android/app/src/main/java/app/intra/ui/RecyclerAdapter.java,app.intra.ui.RecyclerAdapter$TransactionViewHolder,TransactionViewHolder/1[app.intra.ui.View],typeView,1
/home/mohit/projects/Intra-master/Android/app/src/main/java/app/intra/ui/RecyclerAdapter.java,app.intra.ui.RecyclerAdapter$TransactionViewHolder,TransactionViewHolder/1[app.intra.ui.View],responseView,1
/home/mohit/projects/Intra-master/Android/app/src/main/java/app/intra/ui/IntroDialog.java,app.intra.ui.IntroDialog,shouldShow/1[app.intra.ui.Activity],isShown,1
/home/mohit/projects/Intra-master/Android/app/src/main/java/app/intra/ui/IntroDialog.java,app.intra.ui.IntroDialog,"onCreateView/3[app.intra.ui.LayoutInflater,app.intra.ui.ViewGroup,app.intra.ui.Bundle]",isShown,1
/home/mohit/projects/Intra-master/Android/app/src/main/java/app/intra/ui/RecyclerAdapter.java,app.intra.ui.RecyclerAdapter$Transaction,getETldPlus1/1[java.lang.String],fqdn,4
/home/mohit/projects/Intra-master/Android/app/src/main/java/app/intra/ui/RecyclerAdapter.java,app.intra.ui.RecyclerAdapter$Transaction,Transaction/1[app.intra.net.doh.Transaction],resolver,2
/home/mohit/projects/Intra-master/Android/app/src/main/java/app/intra/ui/RecyclerAdapter.java,app.intra.ui.RecyclerAdapter$Transaction,Transaction/1[app.intra.net.doh.Transaction],hostname,1
/home/mohit/projects/Intra-master/Android/app/src/main/java/app/intra/ui/RecyclerAdapter.java,app.intra.ui.RecyclerAdapter$Transaction,Transaction/1[app.intra.net.doh.Transaction],flag,5
/home/mohit/projects/Intra-master/Android/app/src/main/java/app/intra/ui/RecyclerAdapter.java,app.intra.ui.RecyclerAdapter$Transaction,Transaction/1[app.intra.net.doh.Transaction],fqdn,1
/home/mohit/projects/Intra-master/Android/app/src/main/java/app/intra/ui/RecyclerAdapter.java,app.intra.ui.RecyclerAdapter$Transaction,Transaction/1[app.intra.net.doh.Transaction],response,4
/home/mohit/projects/Intra-master/Android/app/src/main/java/app/intra/ui/RecyclerAdapter.java,app.intra.ui.RecyclerAdapter$Transaction,Transaction/1[app.intra.net.doh.Transaction],latency,1
/home/mohit/projects/Intra-master/Android/app/src/main/java/app/intra/ui/RecyclerAdapter.java,app.intra.ui.RecyclerAdapter$Transaction,Transaction/1[app.intra.net.doh.Transaction],time,1
/home/mohit/projects/Intra-master/Android/app/src/main/java/app/intra/ui/RecyclerAdapter.java,app.intra.ui.RecyclerAdapter$Transaction,Transaction/1[app.intra.net.doh.Transaction],typename,1
/home/mohit/projects/Intra-master/Android/app/src/main/java/app/intra/sys/QueryTracker.java,app.intra.sys.QueryTracker,getNumRequests/0,numRequests,1
/home/mohit/projects/Intra-master/Android/app/src/main/java/app/intra/sys/QueryTracker.java,app.intra.sys.QueryTracker,showActivity/1[app.intra.sys.ActivityReceiver],recentActivity,1
/home/mohit/projects/Intra-master/Android/app/src/main/java/app/intra/sys/QueryTracker.java,app.intra.sys.QueryTracker,countQueriesSince/1[long],recentActivity,2
/home/mohit/projects/Intra-master/Android/app/src/main/java/app/intra/sys/QueryTracker.java,app.intra.sys.QueryTracker,sync/1[app.intra.sys.Context],numRequests,3
/home/mohit/projects/Intra-master/Android/app/src/main/java/app/intra/sys/QueryTracker.java,app.intra.sys.QueryTracker,sync/1[app.intra.sys.Context],NUM_REQUESTS,2
/home/mohit/projects/Intra-master/Android/app/src/main/java/app/intra/sys/QueryTracker.java,app.intra.sys.QueryTracker,isHistoryEnabled/0,historyEnabled,1
/home/mohit/projects/Intra-master/Android/app/src/main/java/app/intra/sys/QueryTracker.java,app.intra.sys.QueryTracker,"recordTransaction/2[app.intra.sys.Context,app.intra.net.doh.Transaction]",recentActivity,3
/home/mohit/projects/Intra-master/Android/app/src/main/java/app/intra/sys/QueryTracker.java,app.intra.sys.QueryTracker,"recordTransaction/2[app.intra.sys.Context,app.intra.net.doh.Transaction]",historyEnabled,1
/home/mohit/projects/Intra-master/Android/app/src/main/java/app/intra/sys/QueryTracker.java,app.intra.sys.QueryTracker,"recordTransaction/2[app.intra.sys.Context,app.intra.net.doh.Transaction]",HISTORY_SIZE,2
/home/mohit/projects/Intra-master/Android/app/src/main/java/app/intra/sys/QueryTracker.java,app.intra.sys.QueryTracker,"recordTransaction/2[app.intra.sys.Context,app.intra.net.doh.Transaction]",recentTransactions,3
/home/mohit/projects/Intra-master/Android/app/src/main/java/app/intra/sys/QueryTracker.java,app.intra.sys.QueryTracker,"recordTransaction/2[app.intra.sys.Context,app.intra.net.doh.Transaction]",numRequests,2
/home/mohit/projects/Intra-master/Android/app/src/main/java/app/intra/sys/QueryTracker.java,app.intra.sys.QueryTracker,"recordTransaction/2[app.intra.sys.Context,app.intra.net.doh.Transaction]",ACTIVITY_MEMORY_MS,1
/home/mohit/projects/Intra-master/Android/app/src/main/java/app/intra/sys/QueryTracker.java,app.intra.sys.QueryTracker,setHistoryEnabled/1[boolean],historyEnabled,1
/home/mohit/projects/Intra-master/Android/app/src/main/java/app/intra/sys/QueryTracker.java,app.intra.sys.QueryTracker,setHistoryEnabled/1[boolean],recentTransactions,1
/home/mohit/projects/Intra-master/Android/app/src/main/java/app/intra/sys/QueryTracker.java,app.intra.sys.QueryTracker,getRecentTransactions/0,recentTransactions,1
/home/mohit/projects/Intra-master/Android/app/src/androidTest/java/app/intra/ui/settings/AppInfoTest.java,app.intra.ui.settings.AppInfoTest,compareToEqual/0,NULL1,3
/home/mohit/projects/Intra-master/Android/app/src/androidTest/java/app/intra/ui/settings/AppInfoTest.java,app.intra.ui.settings.AppInfoTest,compareToEqual/0,APP1,3
/home/mohit/projects/Intra-master/Android/app/src/androidTest/java/app/intra/ui/settings/AppInfoTest.java,app.intra.ui.settings.AppInfoTest,compareToEqual/0,LABEL1,1
/home/mohit/projects/Intra-master/Android/app/src/androidTest/java/app/intra/ui/settings/AppInfoTest.java,app.intra.ui.settings.AppInfoTest,compareToEqual/0,NAME1,2
/home/mohit/projects/Intra-master/Android/app/src/androidTest/java/app/intra/ui/settings/AppInfoTest.java,app.intra.ui.settings.AppInfoTest,compareToUnequal/0,NULL1,6
/home/mohit/projects/Intra-master/Android/app/src/androidTest/java/app/intra/ui/settings/AppInfoTest.java,app.intra.ui.settings.AppInfoTest,compareToUnequal/0,NULL2,4
/home/mohit/projects/Intra-master/Android/app/src/androidTest/java/app/intra/ui/settings/AppInfoTest.java,app.intra.ui.settings.AppInfoTest,compareToUnequal/0,APP1,4
/home/mohit/projects/Intra-master/Android/app/src/androidTest/java/app/intra/ui/settings/AppInfoTest.java,app.intra.ui.settings.AppInfoTest,compareToUnequal/0,APP2,6
/home/mohit/projects/Intra-master/Android/app/src/androidTest/java/app/intra/ui/settings/AppInfoTest.java,app.intra.ui.settings.AppInfoTest,writeToParcel/0,NULL1,1
/home/mohit/projects/Intra-master/Android/app/src/androidTest/java/app/intra/ui/settings/AppInfoTest.java,app.intra.ui.settings.AppInfoTest,writeToParcel/0,APP1,1
/home/mohit/projects/Intra-master/Android/app/src/main/java/app/intra/net/dns/DnsPacket.java,app.intra.net.dns.DnsPacket,isNormalQuery/0,qr,1
/home/mohit/projects/Intra-master/Android/app/src/main/java/app/intra/net/dns/DnsPacket.java,app.intra.net.dns.DnsPacket,isNormalQuery/0,z,1
/home/mohit/projects/Intra-master/Android/app/src/main/java/app/intra/net/dns/DnsPacket.java,app.intra.net.dns.DnsPacket,getId/0,id,1
/home/mohit/projects/Intra-master/Android/app/src/main/java/app/intra/net/dns/DnsPacket.java,app.intra.net.dns.DnsPacket,isResponse/0,qr,1
/home/mohit/projects/Intra-master/Android/app/src/main/java/app/intra/net/dns/DnsPacket.java,app.intra.net.dns.DnsPacket,getQueryName/0,question,1
/home/mohit/projects/Intra-master/Android/app/src/main/java/app/intra/net/dns/DnsPacket.java,app.intra.net.dns.DnsPacket,getQueryType/0,question,1
/home/mohit/projects/Intra-master/Android/app/src/main/java/app/intra/net/dns/DnsPacket.java,app.intra.net.dns.DnsPacket,DnsPacket/1[byte[]],aa,1
/home/mohit/projects/Intra-master/Android/app/src/main/java/app/intra/net/dns/DnsPacket.java,app.intra.net.dns.DnsPacket,DnsPacket/1[byte[]],qr,1
/home/mohit/projects/Intra-master/Android/app/src/main/java/app/intra/net/dns/DnsPacket.java,app.intra.net.dns.DnsPacket,DnsPacket/1[byte[]],data,4
/home/mohit/projects/Intra-master/Android/app/src/main/java/app/intra/net/dns/DnsPacket.java,app.intra.net.dns.DnsPacket,DnsPacket/1[byte[]],question,5
/home/mohit/projects/Intra-master/Android/app/src/main/java/app/intra/net/dns/DnsPacket.java,app.intra.net.dns.DnsPacket,DnsPacket/1[byte[]],additional,1
/home/mohit/projects/Intra-master/Android/app/src/main/java/app/intra/net/dns/DnsPacket.java,app.intra.net.dns.DnsPacket,DnsPacket/1[byte[]],rcode,1
/home/mohit/projects/Intra-master/Android/app/src/main/java/app/intra/net/dns/DnsPacket.java,app.intra.net.dns.DnsPacket,DnsPacket/1[byte[]],opcode,1
/home/mohit/projects/Intra-master/Android/app/src/main/java/app/intra/net/dns/DnsPacket.java,app.intra.net.dns.DnsPacket,DnsPacket/1[byte[]],tc,1
/home/mohit/projects/Intra-master/Android/app/src/main/java/app/intra/net/dns/DnsPacket.java,app.intra.net.dns.DnsPacket,DnsPacket/1[byte[]],ra,1
/home/mohit/projects/Intra-master/Android/app/src/main/java/app/intra/net/dns/DnsPacket.java,app.intra.net.dns.DnsPacket,DnsPacket/1[byte[]],rd,1
/home/mohit/projects/Intra-master/Android/app/src/main/java/app/intra/net/dns/DnsPacket.java,app.intra.net.dns.DnsPacket,DnsPacket/1[byte[]],answer,1
/home/mohit/projects/Intra-master/Android/app/src/main/java/app/intra/net/dns/DnsPacket.java,app.intra.net.dns.DnsPacket,DnsPacket/1[byte[]],authority,1
/home/mohit/projects/Intra-master/Android/app/src/main/java/app/intra/net/dns/DnsPacket.java,app.intra.net.dns.DnsPacket,DnsPacket/1[byte[]],z,1
/home/mohit/projects/Intra-master/Android/app/src/main/java/app/intra/net/dns/DnsPacket.java,app.intra.net.dns.DnsPacket,DnsPacket/1[byte[]],id,1
/home/mohit/projects/Intra-master/Android/app/src/main/java/app/intra/net/dns/DnsPacket.java,app.intra.net.dns.DnsPacket,getResponseAddresses/0,TYPE_AAAA,1
/home/mohit/projects/Intra-master/Android/app/src/main/java/app/intra/net/dns/DnsPacket.java,app.intra.net.dns.DnsPacket,getResponseAddresses/0,answer,1
/home/mohit/projects/Intra-master/Android/app/src/main/java/app/intra/net/dns/DnsPacket.java,app.intra.net.dns.DnsPacket,getResponseAddresses/0,authority,1
/home/mohit/projects/Intra-master/Android/app/src/main/java/app/intra/net/dns/DnsPacket.java,app.intra.net.dns.DnsPacket,getResponseAddresses/0,TYPE_A,1
/home/mohit/projects/Intra-master/Android/app/src/main/java/app/intra/ui/RecyclerAdapter.java,app.intra.ui.RecyclerAdapter$ControlViewHolder,ControlViewHolder/1[app.intra.ui.View],controlView,1
/home/mohit/projects/Intra-master/Android/app/src/main/java/app/intra/net/doh/Race.java,app.intra.net.doh.Race$Collector,"onCompleted/2[int,boolean]",numFailed,2
/home/mohit/projects/Intra-master/Android/app/src/main/java/app/intra/net/doh/Race.java,app.intra.net.doh.Race$Collector,"onCompleted/2[int,boolean]",reportedSuccess,2
/home/mohit/projects/Intra-master/Android/app/src/main/java/app/intra/net/doh/Race.java,app.intra.net.doh.Race$Collector,"onCompleted/2[int,boolean]",numCallbacks,1
/home/mohit/projects/Intra-master/Android/app/src/main/java/app/intra/net/doh/Race.java,app.intra.net.doh.Race$Collector,"onCompleted/2[int,boolean]",listener,2
/home/mohit/projects/Intra-master/Android/app/src/main/java/app/intra/net/doh/Race.java,app.intra.net.doh.Race$Collector,"Collector/2[int,app.intra.net.doh.Race.Listener]",numCallbacks,3
/home/mohit/projects/Intra-master/Android/app/src/main/java/app/intra/net/doh/Race.java,app.intra.net.doh.Race$Collector,"Collector/2[int,app.intra.net.doh.Race.Listener]",listener,3
/home/mohit/projects/Intra-master/Android/app/src/main/java/app/intra/ui/settings/AppInfo.java,app.intra.ui.settings.AppInfo,"AppInfo/2[java.lang.String,java.lang.String]",label,3
/home/mohit/projects/Intra-master/Android/app/src/main/java/app/intra/ui/settings/AppInfo.java,app.intra.ui.settings.AppInfo,"AppInfo/2[java.lang.String,java.lang.String]",packageName,3
/home/mohit/projects/Intra-master/Android/app/src/main/java/app/intra/ui/settings/AppInfo.java,app.intra.ui.settings.AppInfo,compareTo/1[app.intra.ui.settings.AppInfo],label,3
/home/mohit/projects/Intra-master/Android/app/src/main/java/app/intra/ui/settings/AppInfo.java,app.intra.ui.settings.AppInfo,compareTo/1[app.intra.ui.settings.AppInfo],packageName,2
/home/mohit/projects/Intra-master/Android/app/src/main/java/app/intra/ui/settings/AppInfo.java,app.intra.ui.settings.AppInfo,"writeToParcel/2[app.intra.ui.settings.Parcel,int]",label,1
/home/mohit/projects/Intra-master/Android/app/src/main/java/app/intra/ui/settings/AppInfo.java,app.intra.ui.settings.AppInfo,"writeToParcel/2[app.intra.ui.settings.Parcel,int]",packageName,1
/home/mohit/projects/Intra-master/Android/app/src/main/java/app/intra/ui/HistoryGraph.java,app.intra.ui.HistoryGraph,receive/1[java.util.Collection<java.lang.Long>],RESOLUTION_MS,1
/home/mohit/projects/Intra-master/Android/app/src/main/java/app/intra/ui/HistoryGraph.java,app.intra.ui.HistoryGraph,receive/1[java.util.Collection<java.lang.Long>],max,1
/home/mohit/projects/Intra-master/Android/app/src/main/java/app/intra/ui/HistoryGraph.java,app.intra.ui.HistoryGraph,receive/1[java.util.Collection<java.lang.Long>],curve,2
/home/mohit/projects/Intra-master/Android/app/src/main/java/app/intra/ui/HistoryGraph.java,app.intra.ui.HistoryGraph,receive/1[java.util.Collection<java.lang.Long>],curveIsEmpty,3
/home/mohit/projects/Intra-master/Android/app/src/main/java/app/intra/ui/HistoryGraph.java,app.intra.ui.HistoryGraph,receive/1[java.util.Collection<java.lang.Long>],now,1
/home/mohit/projects/Intra-master/Android/app/src/main/java/app/intra/ui/HistoryGraph.java,app.intra.ui.HistoryGraph,receive/1[java.util.Collection<java.lang.Long>],DATA_STROKE_WIDTH,1
/home/mohit/projects/Intra-master/Android/app/src/main/java/app/intra/ui/HistoryGraph.java,app.intra.ui.HistoryGraph,receive/1[java.util.Collection<java.lang.Long>],range,2
/home/mohit/projects/Intra-master/Android/app/src/main/java/app/intra/ui/HistoryGraph.java,app.intra.ui.HistoryGraph,onDraw/1[app.intra.ui.Canvas],BOTTOM_MARGIN_FRACTION,1
/home/mohit/projects/Intra-master/Android/app/src/main/java/app/intra/ui/HistoryGraph.java,app.intra.ui.HistoryGraph,onDraw/1[app.intra.ui.Canvas],max,3
/home/mohit/projects/Intra-master/Android/app/src/main/java/app/intra/ui/HistoryGraph.java,app.intra.ui.HistoryGraph,onDraw/1[app.intra.ui.Canvas],curve,2
/home/mohit/projects/Intra-master/Android/app/src/main/java/app/intra/ui/HistoryGraph.java,app.intra.ui.HistoryGraph,onDraw/1[app.intra.ui.Canvas],now,2
/home/mohit/projects/Intra-master/Android/app/src/main/java/app/intra/ui/HistoryGraph.java,app.intra.ui.HistoryGraph,onDraw/1[app.intra.ui.Canvas],pulsePaint,2
/home/mohit/projects/Intra-master/Android/app/src/main/java/app/intra/ui/HistoryGraph.java,app.intra.ui.HistoryGraph,onDraw/1[app.intra.ui.Canvas],RIGHT_MARGIN_FRACTION,1
/home/mohit/projects/Intra-master/Android/app/src/main/java/app/intra/ui/HistoryGraph.java,app.intra.ui.HistoryGraph,onDraw/1[app.intra.ui.Canvas],DATA_STROKE_WIDTH,2
/home/mohit/projects/Intra-master/Android/app/src/main/java/app/intra/ui/HistoryGraph.java,app.intra.ui.HistoryGraph,onDraw/1[app.intra.ui.Canvas],PULSE_INTERVAL_MS,2
/home/mohit/projects/Intra-master/Android/app/src/main/java/app/intra/ui/HistoryGraph.java,app.intra.ui.HistoryGraph,onDraw/1[app.intra.ui.Canvas],lines,6
/home/mohit/projects/Intra-master/Android/app/src/main/java/app/intra/ui/HistoryGraph.java,app.intra.ui.HistoryGraph,onDraw/1[app.intra.ui.Canvas],WINDOW_MS,2
/home/mohit/projects/Intra-master/Android/app/src/main/java/app/intra/ui/HistoryGraph.java,app.intra.ui.HistoryGraph,onDraw/1[app.intra.ui.Canvas],dataPaint,3
/home/mohit/projects/Intra-master/Android/app/src/main/java/app/intra/ui/HistoryGraph.java,app.intra.ui.HistoryGraph,updateCurve/0,curveIsEmpty,1
/home/mohit/projects/Intra-master/Android/app/src/main/java/app/intra/ui/HistoryGraph.java,app.intra.ui.HistoryGraph,updateCurve/0,tracker,1
/home/mohit/projects/Intra-master/Android/app/src/main/java/app/intra/ui/HistoryGraph.java,app.intra.ui.HistoryGraph,setColor/1[int],pulsePaint,1
/home/mohit/projects/Intra-master/Android/app/src/main/java/app/intra/ui/HistoryGraph.java,app.intra.ui.HistoryGraph,setColor/1[int],dataPaint,1
/home/mohit/projects/Intra-master/Android/app/src/main/java/app/intra/ui/HistoryGraph.java,app.intra.ui.HistoryGraph,updateMax/0,curve,1
/home/mohit/projects/Intra-master/Android/app/src/main/java/app/intra/ui/HistoryGraph.java,app.intra.ui.HistoryGraph,updateMax/0,max,4
/home/mohit/projects/Intra-master/Android/app/src/main/java/app/intra/ui/HistoryGraph.java,app.intra.ui.HistoryGraph,updateDataShader/1[int],dataPaint,2
/home/mohit/projects/Intra-master/Android/app/src/main/java/app/intra/ui/HistoryGraph.java,app.intra.ui.HistoryGraph,"HistoryGraph/2[app.intra.ui.Context,app.intra.ui.AttributeSet]",pulsePaint,4
/home/mohit/projects/Intra-master/Android/app/src/main/java/app/intra/ui/HistoryGraph.java,app.intra.ui.HistoryGraph,"HistoryGraph/2[app.intra.ui.Context,app.intra.ui.AttributeSet]",tracker,1
/home/mohit/projects/Intra-master/Android/app/src/main/java/app/intra/ui/HistoryGraph.java,app.intra.ui.HistoryGraph,"HistoryGraph/2[app.intra.ui.Context,app.intra.ui.AttributeSet]",DATA_STROKE_WIDTH,1
/home/mohit/projects/Intra-master/Android/app/src/main/java/app/intra/ui/HistoryGraph.java,app.intra.ui.HistoryGraph,"HistoryGraph/2[app.intra.ui.Context,app.intra.ui.AttributeSet]",dataPaint,4
/home/mohit/projects/Intra-master/Android/app/src/main/java/app/intra/net/go/GoIntraListener.java,app.intra.net.go.GoIntraListener,GoIntraListener/1[app.intra.sys.IntraVpnService],analytics,1
/home/mohit/projects/Intra-master/Android/app/src/main/java/app/intra/net/go/GoIntraListener.java,app.intra.net.go.GoIntraListener,GoIntraListener/1[app.intra.sys.IntraVpnService],vpnService,4
/home/mohit/projects/Intra-master/Android/app/src/main/java/app/intra/net/go/GoIntraListener.java,app.intra.net.go.GoIntraListener,onTCPSocketClosed/1[app.intra.net.go.TCPSocketSummary],analytics,2
/home/mohit/projects/Intra-master/Android/app/src/main/java/app/intra/net/go/GoIntraListener.java,app.intra.net.go.GoIntraListener,"onResponse/2[app.intra.net.go.Token,doh.Summary]",vpnService,1
/home/mohit/projects/Intra-master/Android/app/src/main/java/app/intra/net/go/GoIntraListener.java,app.intra.net.go.GoIntraListener,"onResponse/2[app.intra.net.go.Token,doh.Summary]",goStatusMap,1
/home/mohit/projects/Intra-master/Android/app/src/main/java/app/intra/net/go/GoIntraListener.java,app.intra.net.go.GoIntraListener,onUDPSocketClosed/1[app.intra.net.go.UDPSocketSummary],analytics,1
/home/mohit/projects/Intra-master/Android/app/src/main/java/app/intra/net/go/GoIntraListener.java,app.intra.net.go.GoIntraListener,onUDPSocketClosed/1[app.intra.net.go.UDPSocketSummary],UDP_THRESHOLD_BYTES,1
/home/mohit/projects/Intra-master/Android/app/src/main/java/app/intra/net/go/GoIntraListener.java,app.intra.net.go.GoIntraListener$Metric,Metric/1[java.lang.String],metric,1
/home/mohit/projects/Intra-master/Android/app/src/main/java/app/intra/ui/MainActivity.java,app.intra.ui.MainActivity,updateServerName/0,controlView,2
/home/mohit/projects/Intra-master/Android/app/src/main/java/app/intra/ui/MainActivity.java,app.intra.ui.MainActivity,onDestroy/0,messageReceiver,1
/home/mohit/projects/Intra-master/Android/app/src/main/java/app/intra/ui/MainActivity.java,app.intra.ui.MainActivity,syncDnsStatus/0,controlView,14
/home/mohit/projects/Intra-master/Android/app/src/main/java/app/intra/ui/MainActivity.java,app.intra.ui.MainActivity,showNumRequests/1[long],controlView,2
/home/mohit/projects/Intra-master/Android/app/src/main/java/app/intra/ui/MainActivity.java,app.intra.ui.MainActivity,"setInfoClicker/2[int,app.intra.ui.MainActivity.InfoPage]",controlView,1
/home/mohit/projects/Intra-master/Android/app/src/main/java/app/intra/ui/MainActivity.java,app.intra.ui.MainActivity,"onActivityResult/3[int,int,app.intra.ui.Intent]",REQUEST_CODE_PREPARE_VPN,1
/home/mohit/projects/Intra-master/Android/app/src/main/java/app/intra/ui/MainActivity.java,app.intra.ui.MainActivity,"onActivityResult/3[int,int,app.intra.ui.Intent]",RESULT_OK,1
/home/mohit/projects/Intra-master/Android/app/src/main/java/app/intra/ui/MainActivity.java,app.intra.ui.MainActivity,showSettings/0,settingsFragment,3
/home/mohit/projects/Intra-master/Android/app/src/main/java/app/intra/ui/MainActivity.java,app.intra.ui.MainActivity,onCreate/1[app.intra.ui.Bundle],adapter,3
/home/mohit/projects/Intra-master/Android/app/src/main/java/app/intra/ui/MainActivity.java,app.intra.ui.MainActivity,onCreate/1[app.intra.ui.Bundle],layoutManager,2
/home/mohit/projects/Intra-master/Android/app/src/main/java/app/intra/ui/MainActivity.java,app.intra.ui.MainActivity,onCreate/1[app.intra.ui.Bundle],drawerToggle,3
/home/mohit/projects/Intra-master/Android/app/src/main/java/app/intra/ui/MainActivity.java,app.intra.ui.MainActivity,onCreate/1[app.intra.ui.Bundle],messageReceiver,1
/home/mohit/projects/Intra-master/Android/app/src/main/java/app/intra/ui/MainActivity.java,app.intra.ui.MainActivity,onCreate/1[app.intra.ui.Bundle],recyclerView,4
/home/mohit/projects/Intra-master/Android/app/src/main/java/app/intra/ui/MainActivity.java,app.intra.ui.MainActivity,stopAnimation/0,activityTimer,3
/home/mohit/projects/Intra-master/Android/app/src/main/java/app/intra/ui/MainActivity.java,app.intra.ui.MainActivity,prepareVpnService/0,LOG_TAG,1
/home/mohit/projects/Intra-master/Android/app/src/main/java/app/intra/ui/MainActivity.java,app.intra.ui.MainActivity,prepareVpnService/0,REQUEST_CODE_PREPARE_VPN,1
/home/mohit/projects/Intra-master/Android/app/src/main/java/app/intra/ui/MainActivity.java,app.intra.ui.MainActivity,showTransaction/1[app.intra.net.doh.Transaction],adapter,1
/home/mohit/projects/Intra-master/Android/app/src/main/java/app/intra/ui/MainActivity.java,app.intra.ui.MainActivity,startAnimation/0,controlView,2
/home/mohit/projects/Intra-master/Android/app/src/main/java/app/intra/ui/MainActivity.java,app.intra.ui.MainActivity,startAnimation/0,activityTimer,3
/home/mohit/projects/Intra-master/Android/app/src/main/java/app/intra/ui/MainActivity.java,app.intra.ui.MainActivity,onPostCreate/1[app.intra.ui.Bundle],drawerToggle,1
/home/mohit/projects/Intra-master/Android/app/src/main/java/app/intra/ui/MainActivity.java,app.intra.ui.MainActivity,maybeAutostart/0,LOG_TAG,1
/home/mohit/projects/Intra-master/Android/app/src/main/java/app/intra/ui/MainActivity.java,app.intra.ui.MainActivity,prepareAndStartDnsVpn/0,LOG_TAG,1
/home/mohit/projects/Intra-master/Android/app/src/main/java/app/intra/ui/MainActivity.java,app.intra.ui.MainActivity,chooseView/1[int],drawerToggle,2
/home/mohit/projects/Intra-master/Android/app/src/main/java/app/intra/ui/MainActivity.java,app.intra.ui.MainActivity,getControlView/1[app.intra.ui.ViewGroup],controlView,7
/home/mohit/projects/Intra-master/Android/app/src/main/java/app/intra/sys/AutoStarter.java,app.intra.sys.AutoStarter,"onReceive/2[app.intra.sys.Context,app.intra.sys.Intent]",LOG_TAG,3
/home/mohit/projects/Intra-master/Android/app/src/main/java/app/intra/net/go/GoVpnAdapter.java,app.intra.net.go.GoVpnAdapter$LanIp,LanIp/1[int],value,3
/home/mohit/projects/Intra-master/Android/app/src/main/java/app/intra/net/go/GoVpnAdapter.java,app.intra.net.go.GoVpnAdapter$LanIp,make/1[java.lang.String],value,1
/home/mohit/projects/Intra-master/Android/app/src/main/java/app/intra/ui/MainActivity.java,app.intra.ui.MainActivity$InfoPage,"InfoPage/5[boolean,int,int,int,int]",drawable,3
/home/mohit/projects/Intra-master/Android/app/src/main/java/app/intra/ui/MainActivity.java,app.intra.ui.MainActivity$InfoPage,"InfoPage/5[boolean,int,int,int,int]",title,3
/home/mohit/projects/Intra-master/Android/app/src/main/java/app/intra/ui/MainActivity.java,app.intra.ui.MainActivity$InfoPage,"InfoPage/5[boolean,int,int,int,int]",body,3
/home/mohit/projects/Intra-master/Android/app/src/main/java/app/intra/ui/MainActivity.java,app.intra.ui.MainActivity$InfoPage,"InfoPage/5[boolean,int,int,int,int]",good,3
/home/mohit/projects/Intra-master/Android/app/src/main/java/app/intra/ui/MainActivity.java,app.intra.ui.MainActivity$InfoPage,"InfoPage/5[boolean,int,int,int,int]",headline,3
/home/mohit/projects/Intra-master/Android/app/src/main/java/app/intra/ui/settings/ServerApprovalDialogFragment.java,app.intra.ui.settings.ServerApprovalDialogFragment,setShowWebsite/1[boolean],SHOW_WEBSITE_KEY,1
/home/mohit/projects/Intra-master/Android/app/src/main/java/app/intra/ui/settings/ServerApprovalDialogFragment.java,app.intra.ui.settings.ServerApprovalDialogFragment,getIndex/0,INDEX_KEY,1
/home/mohit/projects/Intra-master/Android/app/src/main/java/app/intra/ui/settings/ServerApprovalDialogFragment.java,app.intra.ui.settings.ServerApprovalDialogFragment,setIndex/1[int],INDEX_KEY,1
/home/mohit/projects/Intra-master/Android/app/src/main/java/app/intra/ui/settings/ServerApprovalDialogFragment.java,app.intra.ui.settings.ServerApprovalDialogFragment,getShowWebsite/0,SHOW_WEBSITE_KEY,1
/home/mohit/projects/Intra-master/Android/app/src/main/java/app/intra/net/doh/Transaction.java,app.intra.net.doh.Transaction,"Transaction/2[app.intra.net.dns.DnsPacket,long]",name,1
/home/mohit/projects/Intra-master/Android/app/src/main/java/app/intra/net/doh/Transaction.java,app.intra.net.doh.Transaction,"Transaction/2[app.intra.net.dns.DnsPacket,long]",queryTime,1
/home/mohit/projects/Intra-master/Android/app/src/main/java/app/intra/net/doh/Transaction.java,app.intra.net.doh.Transaction,"Transaction/2[app.intra.net.dns.DnsPacket,long]",type,1
/home/mohit/projects/Intra-master/Android/app/src/main/java/app/intra/sys/VpnState.java,app.intra.sys.VpnState,"VpnState/3[boolean,boolean,app.intra.sys.IntraVpnService.State]",connectionState,3
/home/mohit/projects/Intra-master/Android/app/src/main/java/app/intra/sys/VpnState.java,app.intra.sys.VpnState,"VpnState/3[boolean,boolean,app.intra.sys.IntraVpnService.State]",activationRequested,3
/home/mohit/projects/Intra-master/Android/app/src/main/java/app/intra/sys/VpnState.java,app.intra.sys.VpnState,"VpnState/3[boolean,boolean,app.intra.sys.IntraVpnService.State]",on,3
/home/mohit/projects/Intra-master/Android/app/src/main/java/app/intra/ui/IntroDialog.java,app.intra.ui.IntroDialog$Adapter,Adapter/1[app.intra.ui.Fragment],images,1
/home/mohit/projects/Intra-master/Android/app/src/main/java/app/intra/ui/IntroDialog.java,app.intra.ui.IntroDialog$Adapter,Adapter/1[app.intra.ui.Fragment],pages,2
/home/mohit/projects/Intra-master/Android/app/src/main/java/app/intra/ui/IntroDialog.java,app.intra.ui.IntroDialog$Adapter,Adapter/1[app.intra.ui.Fragment],headlines,1
/home/mohit/projects/Intra-master/Android/app/src/main/java/app/intra/ui/IntroDialog.java,app.intra.ui.IntroDialog$Adapter,Adapter/1[app.intra.ui.Fragment],text,1
/home/mohit/projects/Intra-master/Android/app/src/main/java/app/intra/ui/IntroDialog.java,app.intra.ui.IntroDialog$Adapter,createFragment/1[int],pages,1
/home/mohit/projects/Intra-master/Android/app/src/main/java/app/intra/ui/IntroDialog.java,app.intra.ui.IntroDialog$Page,"newInstance/3[int,int,int]",IMAGE,1
/home/mohit/projects/Intra-master/Android/app/src/main/java/app/intra/ui/IntroDialog.java,app.intra.ui.IntroDialog$Page,"newInstance/3[int,int,int]",HEADLINE,1
/home/mohit/projects/Intra-master/Android/app/src/main/java/app/intra/ui/IntroDialog.java,app.intra.ui.IntroDialog$Page,"newInstance/3[int,int,int]",BODY,1
/home/mohit/projects/Intra-master/Android/app/src/main/java/app/intra/ui/IntroDialog.java,app.intra.ui.IntroDialog$Page,"onCreateView/3[app.intra.ui.LayoutInflater,app.intra.ui.ViewGroup,app.intra.ui.Bundle]",IMAGE,1
/home/mohit/projects/Intra-master/Android/app/src/main/java/app/intra/ui/IntroDialog.java,app.intra.ui.IntroDialog$Page,"onCreateView/3[app.intra.ui.LayoutInflater,app.intra.ui.ViewGroup,app.intra.ui.Bundle]",HEADLINE,1
/home/mohit/projects/Intra-master/Android/app/src/main/java/app/intra/ui/IntroDialog.java,app.intra.ui.IntroDialog$Page,"onCreateView/3[app.intra.ui.LayoutInflater,app.intra.ui.ViewGroup,app.intra.ui.Bundle]",BODY,1
/home/mohit/projects/Intra-master/Android/app/src/main/java/app/intra/ui/settings/SettingsFragment.java,app.intra.ui.settings.SettingsFragment,onDisplayPreferenceDialog/1[app.intra.ui.settings.Preference],appPref,2
/home/mohit/projects/Intra-master/Android/app/src/main/java/app/intra/ui/settings/SettingsFragment.java,app.intra.ui.settings.SettingsFragment,"onCreatePreferences/2[app.intra.ui.settings.Bundle,java.lang.String]",APPS_KEY,1
/home/mohit/projects/Intra-master/Android/app/src/main/java/app/intra/ui/settings/SettingsFragment.java,app.intra.ui.settings.SettingsFragment,"onCreatePreferences/2[app.intra.ui.settings.Bundle,java.lang.String]",appList,1
/home/mohit/projects/Intra-master/Android/app/src/main/java/app/intra/ui/settings/SettingsFragment.java,app.intra.ui.settings.SettingsFragment,"onCreatePreferences/2[app.intra.ui.settings.Bundle,java.lang.String]",appPref,3
/home/mohit/projects/Intra-master/Android/app/src/main/java/app/intra/ui/settings/SettingsFragment.java,app.intra.ui.settings.SettingsFragment,onSaveInstanceState/1[app.intra.ui.settings.Bundle],APPS_KEY,1
/home/mohit/projects/Intra-master/Android/app/src/main/java/app/intra/ui/settings/SettingsFragment.java,app.intra.ui.settings.SettingsFragment,getAppList/0,appList,4
/home/mohit/projects/Intra-master/Android/app/src/main/java/app/intra/ui/settings/SettingsFragment.java,app.intra.ui.settings.SettingsFragment,getAppList/0,enumerator,2
/home/mohit/projects/Intra-master/Android/app/src/main/java/app/intra/ui/settings/SettingsFragment.java,app.intra.ui.settings.SettingsFragment,collectInstalledApps/1[app.intra.ui.settings.PackageManager],enumerator,2
/home/mohit/projects/Intra-master/Android/app/src/main/java/app/intra/ui/settings/ServerChooserFragment.java,app.intra.ui.settings.ServerChooserFragment,updateUI/0,buttons,1
/home/mohit/projects/Intra-master/Android/app/src/main/java/app/intra/ui/settings/ServerChooserFragment.java,app.intra.ui.settings.ServerChooserFragment,updateUI/0,serverWebsite,1
/home/mohit/projects/Intra-master/Android/app/src/main/java/app/intra/ui/settings/ServerChooserFragment.java,app.intra.ui.settings.ServerChooserFragment,updateUI/0,customServerUrl,1
/home/mohit/projects/Intra-master/Android/app/src/main/java/app/intra/ui/settings/ServerChooserFragment.java,app.intra.ui.settings.ServerChooserFragment,updateUI/0,description,1
/home/mohit/projects/Intra-master/Android/app/src/main/java/app/intra/ui/settings/ServerChooserFragment.java,app.intra.ui.settings.ServerChooserFragment,updateUI/0,spinner,1
/home/mohit/projects/Intra-master/Android/app/src/main/java/app/intra/ui/settings/ServerChooserFragment.java,app.intra.ui.settings.ServerChooserFragment,getUrl/0,urls,1
/home/mohit/projects/Intra-master/Android/app/src/main/java/app/intra/ui/settings/ServerChooserFragment.java,app.intra.ui.settings.ServerChooserFragment,getUrl/0,buttons,1
/home/mohit/projects/Intra-master/Android/app/src/main/java/app/intra/ui/settings/ServerChooserFragment.java,app.intra.ui.settings.ServerChooserFragment,getUrl/0,customServerUrl,1
/home/mohit/projects/Intra-master/Android/app/src/main/java/app/intra/ui/settings/ServerChooserFragment.java,app.intra.ui.settings.ServerChooserFragment,getUrl/0,spinner,1
/home/mohit/projects/Intra-master/Android/app/src/main/java/app/intra/ui/settings/ServerChooserFragment.java,app.intra.ui.settings.ServerChooserFragment,onBindDialogView/1[app.intra.ui.settings.View],urls,3
/home/mohit/projects/Intra-master/Android/app/src/main/java/app/intra/ui/settings/ServerChooserFragment.java,app.intra.ui.settings.ServerChooserFragment,onBindDialogView/1[app.intra.ui.settings.View],buttons,4
/home/mohit/projects/Intra-master/Android/app/src/main/java/app/intra/ui/settings/ServerChooserFragment.java,app.intra.ui.settings.ServerChooserFragment,onBindDialogView/1[app.intra.ui.settings.View],serverWebsite,2
/home/mohit/projects/Intra-master/Android/app/src/main/java/app/intra/ui/settings/ServerChooserFragment.java,app.intra.ui.settings.ServerChooserFragment,onBindDialogView/1[app.intra.ui.settings.View],customServerUrl,4
/home/mohit/projects/Intra-master/Android/app/src/main/java/app/intra/ui/settings/ServerChooserFragment.java,app.intra.ui.settings.ServerChooserFragment,onBindDialogView/1[app.intra.ui.settings.View],description,1
/home/mohit/projects/Intra-master/Android/app/src/main/java/app/intra/ui/settings/ServerChooserFragment.java,app.intra.ui.settings.ServerChooserFragment,onBindDialogView/1[app.intra.ui.settings.View],warning,1
/home/mohit/projects/Intra-master/Android/app/src/main/java/app/intra/ui/settings/ServerChooserFragment.java,app.intra.ui.settings.ServerChooserFragment,onBindDialogView/1[app.intra.ui.settings.View],descriptions,2
/home/mohit/projects/Intra-master/Android/app/src/main/java/app/intra/ui/settings/ServerChooserFragment.java,app.intra.ui.settings.ServerChooserFragment,onBindDialogView/1[app.intra.ui.settings.View],websiteLinks,1
/home/mohit/projects/Intra-master/Android/app/src/main/java/app/intra/ui/settings/ServerChooserFragment.java,app.intra.ui.settings.ServerChooserFragment,onBindDialogView/1[app.intra.ui.settings.View],spinner,3
/home/mohit/projects/Intra-master/Android/app/src/main/java/app/intra/ui/settings/ServerChooserFragment.java,app.intra.ui.settings.ServerChooserFragment,onBuiltinServerSelected/1[int],serverWebsite,1
/home/mohit/projects/Intra-master/Android/app/src/main/java/app/intra/ui/settings/ServerChooserFragment.java,app.intra.ui.settings.ServerChooserFragment,onBuiltinServerSelected/1[int],description,1
/home/mohit/projects/Intra-master/Android/app/src/main/java/app/intra/ui/settings/ServerChooserFragment.java,app.intra.ui.settings.ServerChooserFragment,onBuiltinServerSelected/1[int],descriptions,1
/home/mohit/projects/Intra-master/Android/app/src/main/java/app/intra/ui/settings/ServerChooserFragment.java,app.intra.ui.settings.ServerChooserFragment,onBuiltinServerSelected/1[int],websiteLinks,1
/home/mohit/projects/Intra-master/Android/app/src/main/java/app/intra/ui/settings/ServerChooserFragment.java,app.intra.ui.settings.ServerChooserFragment,onDialogClosed/1[boolean],buttons,1
/home/mohit/projects/Intra-master/Android/app/src/main/java/app/intra/ui/settings/ServerChooserFragment.java,app.intra.ui.settings.ServerChooserFragment,onDialogClosed/1[boolean],customServerUrl,2
/home/mohit/projects/Intra-master/Android/app/src/main/java/app/intra/ui/settings/ServerChooserFragment.java,app.intra.ui.settings.ServerChooserFragment,setValid/1[boolean],warning,1
/home/mohit/projects/Intra-master/Android/app/src/main/java/app/intra/sys/IntraVpnService.java,app.intra.sys.IntraVpnService,startVpnAdapter/0,analytics,1
/home/mohit/projects/Intra-master/Android/app/src/main/java/app/intra/sys/IntraVpnService.java,app.intra.sys.IntraVpnService,startVpnAdapter/0,vpnController,1
/home/mohit/projects/Intra-master/Android/app/src/main/java/app/intra/sys/IntraVpnService.java,app.intra.sys.IntraVpnService,startVpnAdapter/0,LOG_TAG,2
/home/mohit/projects/Intra-master/Android/app/src/main/java/app/intra/sys/IntraVpnService.java,app.intra.sys.IntraVpnService,startVpnAdapter/0,vpnAdapter,5
/home/mohit/projects/Intra-master/Android/app/src/main/java/app/intra/sys/IntraVpnService.java,app.intra.sys.IntraVpnService,onNetworkConnected/1[app.intra.sys.NetworkInfo],LOG_TAG,1
/home/mohit/projects/Intra-master/Android/app/src/main/java/app/intra/sys/IntraVpnService.java,app.intra.sys.IntraVpnService,isOn/0,vpnAdapter,1
/home/mohit/projects/Intra-master/Android/app/src/main/java/app/intra/sys/IntraVpnService.java,app.intra.sys.IntraVpnService,spawnServerUpdate/0,vpnController,1
/home/mohit/projects/Intra-master/Android/app/src/main/java/app/intra/sys/IntraVpnService.java,app.intra.sys.IntraVpnService,spawnServerUpdate/0,networkManager,1
/home/mohit/projects/Intra-master/Android/app/src/main/java/app/intra/sys/IntraVpnService.java,app.intra.sys.IntraVpnService,signalStopService/1[boolean],WARNING_CHANNEL_ID,2
/home/mohit/projects/Intra-master/Android/app/src/main/java/app/intra/sys/IntraVpnService.java,app.intra.sys.IntraVpnService,signalStopService/1[boolean],LOG_TAG,1
/home/mohit/projects/Intra-master/Android/app/src/main/java/app/intra/sys/IntraVpnService.java,app.intra.sys.IntraVpnService,startVpn/0,vpnController,2
/home/mohit/projects/Intra-master/Android/app/src/main/java/app/intra/sys/IntraVpnService.java,app.intra.sys.IntraVpnService,startVpn/0,LOG_TAG,1
/home/mohit/projects/Intra-master/Android/app/src/main/java/app/intra/sys/IntraVpnService.java,app.intra.sys.IntraVpnService,startVpn/0,vpnAdapter,3
/home/mohit/projects/Intra-master/Android/app/src/main/java/app/intra/sys/IntraVpnService.java,app.intra.sys.IntraVpnService,onCreate/0,analytics,1
/home/mohit/projects/Intra-master/Android/app/src/main/java/app/intra/sys/IntraVpnService.java,app.intra.sys.IntraVpnService,onCreate/0,LOG_TAG,1
/home/mohit/projects/Intra-master/Android/app/src/main/java/app/intra/sys/IntraVpnService.java,app.intra.sys.IntraVpnService,onCreate/0,vpnController,1
/home/mohit/projects/Intra-master/Android/app/src/main/java/app/intra/sys/IntraVpnService.java,app.intra.sys.IntraVpnService,getTracker/0,vpnController,1
/home/mohit/projects/Intra-master/Android/app/src/main/java/app/intra/sys/IntraVpnService.java,app.intra.sys.IntraVpnService,newBuilder/0,LOG_TAG,1
/home/mohit/projects/Intra-master/Android/app/src/main/java/app/intra/sys/IntraVpnService.java,app.intra.sys.IntraVpnService,recordTransaction/1[app.intra.net.doh.Transaction],vpnController,2
/home/mohit/projects/Intra-master/Android/app/src/main/java/app/intra/sys/IntraVpnService.java,app.intra.sys.IntraVpnService,recordTransaction/1[app.intra.net.doh.Transaction],networkConnected,1
/home/mohit/projects/Intra-master/Android/app/src/main/java/app/intra/sys/IntraVpnService.java,app.intra.sys.IntraVpnService,restartVpn/0,vpnController,1
/home/mohit/projects/Intra-master/Android/app/src/main/java/app/intra/sys/IntraVpnService.java,app.intra.sys.IntraVpnService,restartVpn/0,LOG_TAG,1
/home/mohit/projects/Intra-master/Android/app/src/main/java/app/intra/sys/IntraVpnService.java,app.intra.sys.IntraVpnService,restartVpn/0,vpnAdapter,4
/home/mohit/projects/Intra-master/Android/app/src/main/java/app/intra/sys/IntraVpnService.java,app.intra.sys.IntraVpnService,setNetworkConnected/1[boolean],networkConnected,1
/home/mohit/projects/Intra-master/Android/app/src/main/java/app/intra/sys/IntraVpnService.java,app.intra.sys.IntraVpnService,getResolvers/0,networkManager,1
/home/mohit/projects/Intra-master/Android/app/src/main/java/app/intra/sys/IntraVpnService.java,app.intra.sys.IntraVpnService,"onStartCommand/3[app.intra.sys.Intent,int,int]",vpnController,1
/home/mohit/projects/Intra-master/Android/app/src/main/java/app/intra/sys/IntraVpnService.java,app.intra.sys.IntraVpnService,"onStartCommand/3[app.intra.sys.Intent,int,int]",LOG_TAG,1
/home/mohit/projects/Intra-master/Android/app/src/main/java/app/intra/sys/IntraVpnService.java,app.intra.sys.IntraVpnService,"onStartCommand/3[app.intra.sys.Intent,int,int]",networkManager,2
/home/mohit/projects/Intra-master/Android/app/src/main/java/app/intra/sys/IntraVpnService.java,app.intra.sys.IntraVpnService,"onStartCommand/3[app.intra.sys.Intent,int,int]",MAIN_CHANNEL_ID,2
/home/mohit/projects/Intra-master/Android/app/src/main/java/app/intra/sys/IntraVpnService.java,app.intra.sys.IntraVpnService,"onStartCommand/3[app.intra.sys.Intent,int,int]",SERVICE_ID,1
/home/mohit/projects/Intra-master/Android/app/src/main/java/app/intra/sys/IntraVpnService.java,app.intra.sys.IntraVpnService,"onStartCommand/3[app.intra.sys.Intent,int,int]",url,2
/home/mohit/projects/Intra-master/Android/app/src/main/java/app/intra/sys/IntraVpnService.java,app.intra.sys.IntraVpnService,onNetworkDisconnected/0,LOG_TAG,1
/home/mohit/projects/Intra-master/Android/app/src/main/java/app/intra/sys/IntraVpnService.java,app.intra.sys.IntraVpnService,onNetworkDisconnected/0,vpnController,1
/home/mohit/projects/Intra-master/Android/app/src/main/java/app/intra/sys/IntraVpnService.java,app.intra.sys.IntraVpnService,"onSharedPreferenceChanged/2[app.intra.sys.SharedPreferences,java.lang.String]",vpnAdapter,1
/home/mohit/projects/Intra-master/Android/app/src/main/java/app/intra/sys/IntraVpnService.java,app.intra.sys.IntraVpnService,"onSharedPreferenceChanged/2[app.intra.sys.SharedPreferences,java.lang.String]",url,1
/home/mohit/projects/Intra-master/Android/app/src/main/java/app/intra/sys/IntraVpnService.java,app.intra.sys.IntraVpnService,stopVpnAdapter/0,vpnController,2
/home/mohit/projects/Intra-master/Android/app/src/main/java/app/intra/sys/IntraVpnService.java,app.intra.sys.IntraVpnService,stopVpnAdapter/0,vpnAdapter,3
/home/mohit/projects/Intra-master/Android/app/src/main/java/app/intra/sys/IntraVpnService.java,app.intra.sys.IntraVpnService,onDestroy/0,vpnController,2
/home/mohit/projects/Intra-master/Android/app/src/main/java/app/intra/sys/IntraVpnService.java,app.intra.sys.IntraVpnService,onDestroy/0,LOG_TAG,1
/home/mohit/projects/Intra-master/Android/app/src/main/java/app/intra/sys/IntraVpnService.java,app.intra.sys.IntraVpnService,onDestroy/0,networkManager,2
/home/mohit/projects/Intra-master/Android/app/src/main/java/app/intra/sys/IntraVpnService.java,app.intra.sys.IntraVpnService,onDestroy/0,vpnAdapter,1
/home/mohit/projects/Intra-master/Android/app/src/main/java/app/intra/sys/IntraVpnService.java,app.intra.sys.IntraVpnService,onRevoke/0,LOG_TAG,1
/home/mohit/projects/Intra-master/Android/app/src/main/java/app/intra/sys/IntraVpnService.java,app.intra.sys.IntraVpnService,updateServerConnection/0,vpnController,1
/home/mohit/projects/Intra-master/Android/app/src/main/java/app/intra/sys/IntraVpnService.java,app.intra.sys.IntraVpnService,updateServerConnection/0,vpnAdapter,2
/home/mohit/projects/Intra-master/Android/app/src/main/java/app/intra/ui/settings/ServerChooser.java,app.intra.ui.settings.ServerChooser,setUrl/1[java.lang.String],url,5
/home/mohit/projects/Intra-master/Android/app/src/main/java/app/intra/ui/settings/ServerChooser.java,app.intra.ui.settings.ServerChooser,initialize/1[app.intra.ui.settings.Context],summaryTemplate,1
/home/mohit/projects/Intra-master/Android/app/src/main/java/app/intra/ui/settings/ServerChooser.java,app.intra.ui.settings.ServerChooser,onSetInitialValue/1[java.lang.Object],url,1
/home/mohit/projects/Intra-master/Android/app/src/main/java/app/intra/ui/settings/ServerChooser.java,app.intra.ui.settings.ServerChooser,getUrl/0,url,1
/home/mohit/projects/Intra-master/Android/app/src/main/java/app/intra/ui/settings/ServerChooser.java,app.intra.ui.settings.ServerChooser,updateSummary/1[java.lang.String],summaryTemplate,1
/home/mohit/projects/Intra-master/Android/app/src/main/java/app/intra/ui/settings/ServerChooser.java,app.intra.ui.settings.ServerChooser,updateSummary/1[java.lang.String],url,4
/home/mohit/projects/Intra-master/Android/app/src/main/java/app/intra/sys/NetworkManager.java,app.intra.sys.NetworkManager,destroy/0,LOG_TAG,1
/home/mohit/projects/Intra-master/Android/app/src/main/java/app/intra/sys/NetworkManager.java,app.intra.sys.NetworkManager,destroy/0,applicationContext,1
/home/mohit/projects/Intra-master/Android/app/src/main/java/app/intra/sys/NetworkManager.java,app.intra.sys.NetworkManager,destroy/0,broadcastReceiver,3
/home/mohit/projects/Intra-master/Android/app/src/main/java/app/intra/sys/NetworkManager.java,app.intra.sys.NetworkManager,"NetworkManager/2[app.intra.sys.Context,app.intra.sys.NetworkManager.NetworkListener]",applicationContext,3
/home/mohit/projects/Intra-master/Android/app/src/main/java/app/intra/sys/NetworkManager.java,app.intra.sys.NetworkManager,"NetworkManager/2[app.intra.sys.Context,app.intra.sys.NetworkManager.NetworkListener]",broadcastReceiver,2
/home/mohit/projects/Intra-master/Android/app/src/main/java/app/intra/sys/NetworkManager.java,app.intra.sys.NetworkManager,"NetworkManager/2[app.intra.sys.Context,app.intra.sys.NetworkManager.NetworkListener]",networkListener,4
/home/mohit/projects/Intra-master/Android/app/src/main/java/app/intra/sys/NetworkManager.java,app.intra.sys.NetworkManager,"NetworkManager/2[app.intra.sys.Context,app.intra.sys.NetworkManager.NetworkListener]",connectivityManager,2
/home/mohit/projects/Intra-master/Android/app/src/main/java/app/intra/sys/NetworkManager.java,app.intra.sys.NetworkManager,connectivityChanged/1[app.intra.sys.Intent],EXTRA_NETWORK_INFO,1
/home/mohit/projects/Intra-master/Android/app/src/main/java/app/intra/sys/NetworkManager.java,app.intra.sys.NetworkManager,connectivityChanged/1[app.intra.sys.Intent],LOG_TAG,2
/home/mohit/projects/Intra-master/Android/app/src/main/java/app/intra/sys/NetworkManager.java,app.intra.sys.NetworkManager,connectivityChanged/1[app.intra.sys.Intent],networkListener,3
/home/mohit/projects/Intra-master/Android/app/src/main/java/app/intra/sys/NetworkManager.java,app.intra.sys.NetworkManager,connectivityChanged/1[app.intra.sys.Intent],connectivityManager,1
/home/mohit/projects/Intra-master/Android/app/src/main/java/app/intra/sys/NetworkManager.java,app.intra.sys.NetworkManager,getSystemResolvers/0,LOG_TAG,1
/home/mohit/projects/Intra-master/Android/app/src/main/java/app/intra/sys/NetworkManager.java,app.intra.sys.NetworkManager,getSystemResolvers/0,connectivityManager,1
/home/mohit/projects/Intra-master/Android/app/src/main/java/app/intra/sys/firebase/AnalyticsWrapper.java,app.intra.sys.firebase.AnalyticsWrapper,onNetworkConnected/1[app.intra.sys.firebase.NetworkInfo],networkInfo,3
/home/mohit/projects/Intra-master/Android/app/src/main/java/app/intra/sys/firebase/AnalyticsWrapper.java,app.intra.sys.firebase.AnalyticsWrapper,AnalyticsWrapper/1[app.intra.sys.firebase.Context],analytics,1
/home/mohit/projects/Intra-master/Android/app/src/main/java/app/intra/sys/firebase/AnalyticsWrapper.java,app.intra.sys.firebase.AnalyticsWrapper,AnalyticsWrapper/1[app.intra.sys.firebase.Context],networkManager,1
/home/mohit/projects/Intra-master/Android/app/src/main/java/app/intra/sys/firebase/AnalyticsWrapper.java,app.intra.sys.firebase.AnalyticsWrapper,AnalyticsWrapper/1[app.intra.sys.firebase.Context],countryCode,1
/home/mohit/projects/Intra-master/Android/app/src/main/java/app/intra/sys/firebase/AnalyticsWrapper.java,app.intra.sys.firebase.AnalyticsWrapper,"log/2[app.intra.sys.firebase.AnalyticsWrapper.Events,app.intra.sys.firebase.BundleBuilder]",analytics,1
/home/mohit/projects/Intra-master/Android/app/src/main/java/app/intra/sys/firebase/AnalyticsWrapper.java,app.intra.sys.firebase.AnalyticsWrapper,"log/2[app.intra.sys.firebase.AnalyticsWrapper.Events,app.intra.sys.firebase.BundleBuilder]",countryCode,2
/home/mohit/projects/Intra-master/Android/app/src/main/java/app/intra/sys/firebase/AnalyticsWrapper.java,app.intra.sys.firebase.AnalyticsWrapper,get/1[app.intra.sys.firebase.Context],singleton,3
/home/mohit/projects/Intra-master/Android/app/src/main/java/app/intra/sys/firebase/AnalyticsWrapper.java,app.intra.sys.firebase.AnalyticsWrapper,onNetworkDisconnected/0,networkInfo,1
/home/mohit/projects/Intra-master/Android/app/src/main/java/app/intra/sys/firebase/AnalyticsWrapper.java,app.intra.sys.firebase.AnalyticsWrapper,getNetworkType/0,networkInfo,1
/home/mohit/projects/Intra-master/Android/app/src/main/java/app/intra/sys/VpnController.java,app.intra.sys.VpnController,setIntraVpnService/1[app.intra.sys.IntraVpnService],intraVpnService,3
/home/mohit/projects/Intra-master/Android/app/src/main/java/app/intra/sys/VpnController.java,app.intra.sys.VpnController,getIntraVpnService/0,intraVpnService,1
/home/mohit/projects/Intra-master/Android/app/src/main/java/app/intra/sys/VpnController.java,app.intra.sys.VpnController,getState/1[app.intra.sys.Context],connectionState,1
/home/mohit/projects/Intra-master/Android/app/src/main/java/app/intra/sys/VpnController.java,app.intra.sys.VpnController,getState/1[app.intra.sys.Context],intraVpnService,2
/home/mohit/projects/Intra-master/Android/app/src/main/java/app/intra/sys/VpnController.java,app.intra.sys.VpnController,"onConnectionStateChanged/2[app.intra.sys.Context,app.intra.sys.IntraVpnService.State]",connectionState,1
/home/mohit/projects/Intra-master/Android/app/src/main/java/app/intra/sys/VpnController.java,app.intra.sys.VpnController,"onConnectionStateChanged/2[app.intra.sys.Context,app.intra.sys.IntraVpnService.State]",intraVpnService,1
/home/mohit/projects/Intra-master/Android/app/src/main/java/app/intra/sys/VpnController.java,app.intra.sys.VpnController,getTracker/1[app.intra.sys.Context],tracker,3
/home/mohit/projects/Intra-master/Android/app/src/main/java/app/intra/sys/VpnController.java,app.intra.sys.VpnController,getInstance/0,dnsVpnServiceState,3
/home/mohit/projects/Intra-master/Android/app/src/main/java/app/intra/sys/VpnController.java,app.intra.sys.VpnController,start/1[app.intra.sys.Context],intraVpnService,1
/home/mohit/projects/Intra-master/Android/app/src/main/java/app/intra/sys/VpnController.java,app.intra.sys.VpnController,stop/1[app.intra.sys.Context],connectionState,1
/home/mohit/projects/Intra-master/Android/app/src/main/java/app/intra/sys/VpnController.java,app.intra.sys.VpnController,stop/1[app.intra.sys.Context],intraVpnService,3
/home/mohit/projects/Intra-master/Android/app/src/main/java/app/intra/net/go/GoProber.java,app.intra.net.go.GoProber,GoProber/1[app.intra.net.go.Context],context,3
/home/mohit/projects/Intra-master/Android/app/src/main/java/app/intra/net/go/GoProber.java,app.intra.net.go.GoProber,"probe/2[java.lang.String,app.intra.net.doh.Prober.Callback]",context,1
