file,class,method,constructor,line,cbo,cboModified,fanin,fanout,wmc,rfc,loc,returnsQty,variablesQty,parametersQty,methodsInvokedQty,methodsInvokedLocalQty,methodsInvokedIndirectLocalQty,loopQty,comparisonsQty,tryCatchQty,parenthesizedExpsQty,stringLiteralsQty,numbersQty,assignmentsQty,mathOperationsQty,maxNestedBlocksQty,anonymousClassesQty,innerClassesQty,lambdasQty,uniqueWordsQty,modifiers,logStatementsQty,hasJavaDoc
/home/mohit/projects/Intra-master/Android/app/src/main/java/app/intra/net/doh/Race.java,app.intra.net.doh.Race$Listener,onResult/1[int],false,28,0,1,1,0,1,0,1,0,0,1,0,0,0,0,0,0,0,0,0,0,0,0,0,0,0,19,0,0,true
/home/mohit/projects/Intra-master/Android/app/src/main/java/app/intra/sys/CountryCode.java,app.intra.sys.CountryCode,getNetworkCountry/0,false,47,1,2,2,0,1,0,3,1,0,0,0,0,0,0,0,0,0,0,0,0,0,0,0,0,0,4,1,0,false
/home/mohit/projects/Intra-master/Android/app/src/main/java/app/intra/sys/CountryCode.java,app.intra.sys.CountryCode,CountryCode/1[app.intra.sys.Context],true,35,3,3,2,1,1,3,5,0,1,1,3,1,1,0,0,0,0,0,0,3,0,0,0,0,0,12,1,0,false
/home/mohit/projects/Intra-master/Android/app/src/main/java/app/intra/sys/CountryCode.java,app.intra.sys.CountryCode,countryFromSim/1[app.intra.sys.TelephonyManager],false,51,4,2,1,1,5,7,22,4,7,1,7,0,0,0,1,1,0,9,2,7,0,2,0,0,0,23,10,0,false
/home/mohit/projects/Intra-master/Android/app/src/main/java/app/intra/sys/CountryCode.java,app.intra.sys.CountryCode,getDeviceCountry/0,false,43,1,2,2,0,1,0,3,1,0,0,0,0,0,0,0,0,0,0,0,0,0,0,0,0,0,4,1,0,false
/home/mohit/projects/Intra-master/Android/app/src/main/java/app/intra/ui/MainActivity.java,app.intra.ui.MainActivity$Anonymous1,"onReceive/2[app.intra.ui.Context,app.intra.ui.Intent]",false,116,4,3,0,3,3,7,8,0,0,2,7,0,0,0,0,0,0,0,0,0,0,1,0,0,0,14,1,0,false
/home/mohit/projects/Intra-master/Android/app/src/main/java/app/intra/ui/MainActivity.java,app.intra.ui.MainActivity$Anonymous2,onClick/1[app.intra.ui.View],false,200,2,4,0,4,1,1,3,0,0,1,1,0,0,0,0,0,0,0,0,0,0,0,0,0,0,5,1,0,false
/home/mohit/projects/Intra-master/Android/app/src/main/java/app/intra/ui/RecyclerAdapter.java,app.intra.ui.RecyclerAdapter,add/1[app.intra.net.doh.Transaction],false,422,2,2,1,1,1,2,4,0,0,1,2,0,0,0,0,0,0,0,1,0,0,0,0,0,0,11,1,0,true
/home/mohit/projects/Intra-master/Android/app/src/main/java/app/intra/ui/RecyclerAdapter.java,app.intra.ui.RecyclerAdapter,"onBindViewHolder/2[RecyclerView.ViewHolder,int]",false,454,5,2,0,2,4,5,14,0,1,2,5,1,1,0,1,0,1,2,1,1,0,2,0,0,0,18,1,0,false
/home/mohit/projects/Intra-master/Android/app/src/main/java/app/intra/ui/RecyclerAdapter.java,app.intra.ui.RecyclerAdapter,getItem/1[int],false,427,1,2,2,0,1,2,3,1,0,1,2,0,0,0,0,0,0,0,0,0,1,0,0,0,0,4,2,0,false
/home/mohit/projects/Intra-master/Android/app/src/main/java/app/intra/ui/RecyclerAdapter.java,app.intra.ui.RecyclerAdapter,getItemCount/0,false,469,0,0,0,0,1,1,3,1,0,0,1,0,0,0,0,0,0,0,1,0,1,0,0,0,0,3,1,0,false
/home/mohit/projects/Intra-master/Android/app/src/main/java/app/intra/ui/RecyclerAdapter.java,app.intra.ui.RecyclerAdapter,reset/1[java.util.Queue<app.intra.net.doh.Transaction>],false,407,2,3,2,1,3,3,12,0,0,1,3,0,0,1,1,0,0,0,0,1,0,2,0,0,0,20,1,0,true
/home/mohit/projects/Intra-master/Android/app/src/main/java/app/intra/ui/RecyclerAdapter.java,app.intra.ui.RecyclerAdapter,getItemViewType/1[int],false,474,0,0,0,0,2,0,3,1,0,1,0,0,0,0,1,0,0,0,1,0,0,0,0,0,0,18,1,0,false
/home/mohit/projects/Intra-master/Android/app/src/main/java/app/intra/ui/RecyclerAdapter.java,app.intra.ui.RecyclerAdapter,activateCountryMap/0,false,83,2,3,1,2,3,2,11,1,0,0,2,0,0,0,1,1,0,0,0,1,0,1,0,0,0,9,2,0,false
/home/mohit/projects/Intra-master/Android/app/src/main/java/app/intra/ui/RecyclerAdapter.java,app.intra.ui.RecyclerAdapter,"onCreateViewHolder/2[app.intra.ui.ViewGroup,int]",false,432,7,3,0,3,3,8,16,2,4,2,8,0,0,0,2,0,0,1,0,4,0,1,0,0,0,29,1,0,false
/home/mohit/projects/Intra-master/Android/app/src/main/java/app/intra/ui/RecyclerAdapter.java,app.intra.ui.RecyclerAdapter,RecyclerAdapter/1[app.intra.ui.MainActivity],true,74,1,1,1,0,1,2,6,0,0,1,2,0,0,0,0,0,0,0,0,3,0,0,0,0,0,8,0,0,false
/home/mohit/projects/Intra-master/Android/app/src/main/java/app/intra/ui/MainActivity.java,app.intra.ui.MainActivity$Anonymous3,onNavigationItemSelected/1[app.intra.ui.MenuItem],false,209,2,2,0,2,8,3,25,7,0,1,3,0,0,0,0,0,0,4,0,0,0,1,0,0,0,15,1,0,false
/home/mohit/projects/Intra-master/Android/app/src/main/java/app/intra/ui/MainActivity.java,app.intra.ui.MainActivity$Anonymous4,"onCheckedChanged/2[app.intra.ui.CompoundButton,boolean]",false,274,2,4,0,4,2,2,8,0,0,2,2,0,0,0,0,0,0,0,0,0,0,1,0,0,0,13,1,0,false
/home/mohit/projects/Intra-master/Android/app/src/main/java/app/intra/ui/MainActivity.java,app.intra.ui.MainActivity$Anonymous5,"onCheckedChanged/2[app.intra.ui.CompoundButton,boolean]",false,290,3,4,0,4,2,2,6,0,0,2,2,0,0,0,0,0,0,0,0,0,0,1,0,0,0,7,1,0,false
/home/mohit/projects/Intra-master/Android/app/src/main/java/app/intra/sys/NetworkManager.java,app.intra.sys.NetworkManager$NetworkListener,onNetworkConnected/1[app.intra.sys.NetworkInfo],false,43,1,2,2,0,1,0,1,0,0,1,0,0,0,0,0,0,0,0,0,0,0,0,0,0,0,5,0,0,false
/home/mohit/projects/Intra-master/Android/app/src/main/java/app/intra/sys/NetworkManager.java,app.intra.sys.NetworkManager$NetworkListener,onNetworkDisconnected/0,false,45,0,1,1,0,1,0,1,0,0,0,0,0,0,0,0,0,0,0,0,0,0,0,0,0,0,3,0,0,false
/home/mohit/projects/Intra-master/Android/app/src/main/java/app/intra/ui/MainActivity.java,app.intra.ui.MainActivity$Anonymous6,run/0,false,381,1,3,0,3,1,5,4,0,1,0,5,0,0,0,0,0,0,1,2,1,2,0,0,0,0,4,1,0,false
/home/mohit/projects/Intra-master/Android/app/src/main/java/app/intra/ui/MainActivity.java,app.intra.ui.MainActivity$Anonymous7,run/0,false,390,0,3,0,3,1,1,3,0,0,0,1,0,0,0,0,0,0,0,0,0,0,0,0,0,0,3,1,0,false
/home/mohit/projects/Intra-master/Android/app/src/test/java/app/intra/net/doh/RaceTest.java,app.intra.net.doh.RaceTest$SuccessProber,"probe/2[java.lang.String,app.intra.net.doh.Prober.Callback]",false,26,1,1,0,1,1,2,3,0,0,2,2,0,0,0,0,0,0,0,0,0,0,0,0,0,1,4,1,0,false
/home/mohit/projects/Intra-master/Android/app/src/main/java/app/intra/sys/firebase/BundleBuilder.java,app.intra.sys.firebase.BundleBuilder,"put/2[app.intra.sys.firebase.BundleBuilder.Params,java.lang.String]",false,59,2,7,7,0,1,2,4,1,0,2,2,0,0,0,0,0,0,0,0,0,0,0,0,0,0,5,0,0,false
/home/mohit/projects/Intra-master/Android/app/src/main/java/app/intra/sys/firebase/BundleBuilder.java,app.intra.sys.firebase.BundleBuilder,"put/2[app.intra.sys.firebase.BundleBuilder.Params,long]",false,54,2,2,2,0,1,2,4,1,0,2,2,0,0,0,0,0,0,0,0,0,0,0,0,0,0,5,0,0,false
/home/mohit/projects/Intra-master/Android/app/src/main/java/app/intra/sys/firebase/BundleBuilder.java,app.intra.sys.firebase.BundleBuilder,"put/2[app.intra.sys.firebase.BundleBuilder.Params,int]",false,49,2,4,4,0,1,2,4,1,0,2,2,0,0,0,0,0,0,0,0,0,0,0,0,0,0,5,0,0,false
/home/mohit/projects/Intra-master/Android/app/src/main/java/app/intra/sys/firebase/BundleBuilder.java,app.intra.sys.firebase.BundleBuilder,build/0,false,64,1,1,1,0,1,0,3,1,0,0,0,0,0,0,0,0,0,0,0,0,0,0,0,0,0,3,0,0,false
/home/mohit/projects/Intra-master/Android/app/src/main/java/app/intra/ui/CountryMap.java,app.intra.ui.CountryMap,"lessEqual/3[byte[],int,byte[]]",false,61,1,1,1,0,4,0,13,3,3,3,0,0,0,1,0,0,0,0,3,3,1,2,0,0,0,31,10,0,true
/home/mohit/projects/Intra-master/Android/app/src/main/java/app/intra/ui/CountryMap.java,app.intra.ui.CountryMap,read/1[java.io.InputStream],false,46,1,1,1,0,2,3,9,1,3,1,3,0,0,1,1,0,1,0,4,3,0,1,0,0,0,13,10,0,false
/home/mohit/projects/Intra-master/Android/app/src/main/java/app/intra/ui/CountryMap.java,app.intra.ui.CountryMap,CountryMap/1[app.intra.ui.AssetManager],true,42,2,2,1,1,1,2,3,0,0,1,2,1,1,0,0,0,0,1,0,1,0,0,0,0,0,10,0,0,false
/home/mohit/projects/Intra-master/Android/app/src/main/java/app/intra/ui/CountryMap.java,app.intra.ui.CountryMap,getCountryCode/1[java.net.InetAddress],false,76,2,2,1,1,4,4,22,2,8,1,4,1,1,1,1,0,1,2,4,10,9,2,0,0,0,28,0,0,false
/home/mohit/projects/Intra-master/Android/app/src/main/java/app/intra/ui/settings/AppInfo.java,app.intra.ui.settings.AppInfo$Anonymous1,newArray/1[int],false,74,1,0,0,0,1,0,3,1,0,1,0,0,0,0,0,0,0,0,0,0,0,0,0,0,0,3,1,0,false
/home/mohit/projects/Intra-master/Android/app/src/main/java/app/intra/ui/settings/AppInfo.java,app.intra.ui.settings.AppInfo$Anonymous1,createFromParcel/1[app.intra.ui.settings.Parcel],false,65,2,1,0,1,3,1,7,2,1,1,1,0,0,0,1,0,0,0,3,1,0,1,0,0,0,8,1,0,false
/home/mohit/projects/Intra-master/Android/app/src/main/java/app/intra/net/doh/Race.java,app.intra.net.doh.Race$Callback,onCompleted/1[boolean],false,93,1,1,0,1,1,1,3,0,0,1,1,0,0,0,0,0,0,0,0,0,0,0,0,0,0,3,1,0,false
/home/mohit/projects/Intra-master/Android/app/src/main/java/app/intra/net/doh/Race.java,app.intra.net.doh.Race$Callback,"Callback/2[int,app.intra.net.doh.Race.Collector]",true,87,1,1,1,0,1,0,4,0,0,2,0,0,0,0,0,0,0,0,0,2,0,0,0,0,0,3,2,0,false
/home/mohit/projects/Intra-master/Android/app/src/main/java/app/intra/net/go/GoVpnAdapter.java,app.intra.net.go.GoVpnAdapter,"getIpString/2[app.intra.net.go.Context,java.lang.String]",false,253,4,4,2,2,6,7,26,1,7,2,7,0,0,1,0,1,0,2,1,10,1,2,0,0,0,21,8,0,false
/home/mohit/projects/Intra-master/Android/app/src/main/java/app/intra/net/go/GoVpnAdapter.java,app.intra.net.go.GoVpnAdapter,updateDohUrl/0,false,226,4,7,1,6,4,8,19,2,1,0,8,2,3,0,2,1,0,0,0,2,0,1,0,0,0,43,33,0,true
/home/mohit/projects/Intra-master/Android/app/src/main/java/app/intra/net/go/GoVpnAdapter.java,app.intra.net.go.GoVpnAdapter,start/0,false,106,1,3,2,1,1,1,3,0,0,0,1,1,3,0,0,0,0,0,0,0,0,0,0,0,0,3,33,0,false
/home/mohit/projects/Intra-master/Android/app/src/main/java/app/intra/net/go/GoVpnAdapter.java,app.intra.net.go.GoVpnAdapter,establishVpn/1[app.intra.sys.IntraVpnService],false,160,5,4,1,3,4,12,16,2,1,1,12,0,0,0,0,1,0,2,1,1,0,2,0,0,0,30,10,0,false
/home/mohit/projects/Intra-master/Android/app/src/main/java/app/intra/net/go/GoVpnAdapter.java,app.intra.net.go.GoVpnAdapter,close/0,false,190,1,3,2,1,4,3,14,0,0,0,3,0,0,0,2,1,0,0,0,1,0,2,0,0,0,9,33,0,false
/home/mohit/projects/Intra-master/Android/app/src/main/java/app/intra/net/go/GoVpnAdapter.java,app.intra.net.go.GoVpnAdapter,makeDohTransport/1[java.lang.String],false,204,7,6,2,4,2,9,17,1,6,1,9,2,1,0,0,1,1,0,0,6,1,1,0,0,0,24,2,0,false
/home/mohit/projects/Intra-master/Android/app/src/main/java/app/intra/net/go/GoVpnAdapter.java,app.intra.net.go.GoVpnAdapter,getProtector/0,false,181,3,2,2,0,2,0,6,2,0,0,0,0,0,0,0,0,0,0,0,0,0,1,0,0,0,5,2,0,false
/home/mohit/projects/Intra-master/Android/app/src/main/java/app/intra/net/go/GoVpnAdapter.java,app.intra.net.go.GoVpnAdapter,"GoVpnAdapter/2[app.intra.sys.IntraVpnService,app.intra.net.go.ParcelFileDescriptor]",true,101,2,1,1,0,1,0,4,0,0,2,0,0,0,0,0,0,0,0,0,2,0,0,0,0,0,8,2,0,false
/home/mohit/projects/Intra-master/Android/app/src/main/java/app/intra/net/go/GoVpnAdapter.java,app.intra.net.go.GoVpnAdapter,connectTunnel/0,false,110,7,12,2,10,4,11,21,2,3,0,11,3,2,0,1,1,0,2,0,5,1,1,0,0,0,37,2,0,false
/home/mohit/projects/Intra-master/Android/app/src/main/java/app/intra/net/go/GoVpnAdapter.java,app.intra.net.go.GoVpnAdapter,enableChoir/0,false,139,3,5,1,4,4,7,18,1,3,0,7,0,0,0,0,1,0,2,0,4,1,1,0,0,0,23,2,0,false
/home/mohit/projects/Intra-master/Android/app/src/main/java/app/intra/net/go/GoVpnAdapter.java,app.intra.net.go.GoVpnAdapter,establish/1[app.intra.sys.IntraVpnService],false,93,4,3,1,2,2,1,7,2,1,1,1,1,1,0,1,0,0,0,0,1,0,1,0,0,0,13,9,0,false
/home/mohit/projects/Intra-master/Android/app/src/main/java/app/intra/sys/PersistentState.java,app.intra.sys.PersistentState,"extractHostForAnalytics/2[app.intra.sys.Context,java.lang.String]",false,158,2,3,1,2,2,7,8,2,2,2,7,2,1,0,0,0,0,0,0,2,0,1,0,0,0,33,9,0,true
/home/mohit/projects/Intra-master/Android/app/src/main/java/app/intra/sys/PersistentState.java,app.intra.sys.PersistentState,syncLegacyState/1[app.intra.sys.Context],false,73,5,5,1,4,7,10,30,3,6,1,10,3,3,1,3,0,0,1,1,8,0,3,0,0,0,23,9,0,false
/home/mohit/projects/Intra-master/Android/app/src/main/java/app/intra/sys/PersistentState.java,app.intra.sys.PersistentState,getApprovalSettings/1[app.intra.sys.Context],false,167,2,2,2,0,1,1,3,1,0,1,1,0,0,0,0,0,0,0,0,0,0,0,0,0,0,7,10,0,false
/home/mohit/projects/Intra-master/Android/app/src/main/java/app/intra/sys/PersistentState.java,app.intra.sys.PersistentState,getVpnEnabled/1[app.intra.sys.Context],false,63,2,2,1,1,1,2,3,1,0,1,2,1,1,0,0,0,0,0,0,0,0,0,0,0,0,7,8,0,false
/home/mohit/projects/Intra-master/Android/app/src/main/java/app/intra/sys/PersistentState.java,app.intra.sys.PersistentState,getInternalState/1[app.intra.sys.Context],false,55,2,3,3,0,1,1,3,1,0,1,1,0,0,0,0,0,0,0,0,0,0,0,0,0,0,7,10,0,false
/home/mohit/projects/Intra-master/Android/app/src/main/java/app/intra/sys/PersistentState.java,app.intra.sys.PersistentState,"setWelcomeApproved/2[app.intra.sys.Context,boolean]",false,175,3,2,1,1,1,4,5,0,1,2,4,1,1,0,0,0,0,0,0,1,0,0,0,0,0,10,9,0,false
/home/mohit/projects/Intra-master/Android/app/src/main/java/app/intra/sys/PersistentState.java,app.intra.sys.PersistentState,"expandUrl/2[app.intra.sys.Context,java.lang.String]",false,140,3,5,5,0,3,3,6,2,0,2,3,0,0,0,1,0,0,0,0,0,0,1,0,0,0,5,9,0,false
/home/mohit/projects/Intra-master/Android/app/src/main/java/app/intra/sys/PersistentState.java,app.intra.sys.PersistentState,getServerName/1[app.intra.sys.Context],false,148,2,4,1,3,1,3,3,1,0,1,3,3,2,0,0,0,0,0,0,0,0,0,0,0,0,9,9,0,false
/home/mohit/projects/Intra-master/Android/app/src/main/java/app/intra/sys/PersistentState.java,app.intra.sys.PersistentState,"setServerUrl/2[app.intra.sys.Context,java.lang.String]",false,115,3,2,1,1,1,4,5,0,1,2,4,1,1,0,0,0,0,0,0,1,0,0,0,0,0,10,9,0,false
/home/mohit/projects/Intra-master/Android/app/src/main/java/app/intra/sys/PersistentState.java,app.intra.sys.PersistentState,"setVpnEnabled/2[app.intra.sys.Context,boolean]",false,67,3,4,3,1,1,4,5,0,1,2,4,1,1,0,0,0,0,0,0,1,0,0,0,0,0,10,8,0,false
/home/mohit/projects/Intra-master/Android/app/src/main/java/app/intra/sys/PersistentState.java,app.intra.sys.PersistentState,extractHost/1[java.lang.String],false,129,1,3,2,1,2,2,10,2,1,1,2,0,0,0,0,1,0,1,0,1,0,1,0,0,0,12,10,0,false
/home/mohit/projects/Intra-master/Android/app/src/main/java/app/intra/sys/PersistentState.java,app.intra.sys.PersistentState,getUserPreferences/1[app.intra.sys.Context],false,59,2,3,3,0,1,1,3,1,0,1,1,0,0,0,0,0,0,0,0,0,0,0,0,0,0,6,10,0,false
/home/mohit/projects/Intra-master/Android/app/src/main/java/app/intra/sys/PersistentState.java,app.intra.sys.PersistentState,getServerUrl/1[app.intra.sys.Context],false,121,3,8,6,2,2,3,7,2,1,1,3,1,1,0,1,0,0,0,0,1,0,1,0,0,0,10,9,0,false
/home/mohit/projects/Intra-master/Android/app/src/main/java/app/intra/sys/PersistentState.java,app.intra.sys.PersistentState,getExcludedPackages/1[app.intra.sys.Context],false,181,2,2,1,1,1,2,3,1,0,1,2,1,1,0,0,0,0,0,0,0,0,0,0,0,0,7,8,0,false
/home/mohit/projects/Intra-master/Android/app/src/main/java/app/intra/sys/PersistentState.java,app.intra.sys.PersistentState,getWelcomeApproved/1[app.intra.sys.Context],false,171,2,2,1,1,1,2,3,1,0,1,2,1,1,0,0,0,0,0,0,0,0,0,0,0,0,7,9,0,false
/home/mohit/projects/Intra-master/Android/app/src/main/java/app/intra/ui/IntroDialog.java,app.intra.ui.IntroDialog$ButtonVisibilityUpdater,"ButtonVisibilityUpdater/3[app.intra.ui.Button,app.intra.ui.Button,app.intra.ui.Button]",true,201,1,1,1,0,1,0,5,0,0,3,0,0,0,0,0,0,0,0,0,3,0,0,0,0,0,6,0,0,false
/home/mohit/projects/Intra-master/Android/app/src/main/java/app/intra/ui/IntroDialog.java,app.intra.ui.IntroDialog$ButtonVisibilityUpdater,onPageSelected/1[int],false,208,0,0,0,0,4,2,6,0,0,1,2,0,0,0,3,0,0,0,3,0,2,0,0,0,0,13,1,0,false
/home/mohit/projects/Intra-master/Android/app/src/main/java/app/intra/ui/IntroDialog.java,app.intra.ui.IntroDialog$Anonymous1,onClick/1[app.intra.ui.View],false,89,1,4,0,4,2,2,6,0,1,1,2,0,0,0,0,0,0,0,2,1,1,1,0,0,0,6,1,0,false
/home/mohit/projects/Intra-master/Android/app/src/main/java/app/intra/ui/RecyclerAdapter.java,app.intra.ui.RecyclerAdapter$TransactionViewHolder,onClick/1[app.intra.ui.View],false,182,3,1,0,1,1,3,6,0,2,1,3,0,0,0,0,0,0,0,0,3,0,0,0,0,0,10,1,0,false
/home/mohit/projects/Intra-master/Android/app/src/main/java/app/intra/ui/RecyclerAdapter.java,app.intra.ui.RecyclerAdapter$TransactionViewHolder,update/1[app.intra.ui.RecyclerAdapter.Transaction],false,170,2,2,1,1,1,2,7,0,0,1,2,1,1,0,0,0,0,0,0,1,0,0,0,0,0,4,1,0,false
/home/mohit/projects/Intra-master/Android/app/src/main/java/app/intra/ui/RecyclerAdapter.java,app.intra.ui.RecyclerAdapter$TransactionViewHolder,setExpanded/1[boolean],false,151,0,1,1,0,5,4,17,0,0,1,4,0,0,0,1,0,0,0,0,0,0,2,0,0,0,6,2,0,false
/home/mohit/projects/Intra-master/Android/app/src/main/java/app/intra/ui/RecyclerAdapter.java,app.intra.ui.RecyclerAdapter$TransactionViewHolder,TransactionViewHolder/1[app.intra.ui.View],true,130,1,1,1,0,1,2,15,0,0,1,2,0,0,0,0,0,0,0,0,11,0,0,0,0,0,16,0,0,false
/home/mohit/projects/Intra-master/Android/app/src/main/java/app/intra/ui/IntroDialog.java,app.intra.ui.IntroDialog$Anonymous2,onClick/1[app.intra.ui.View],false,99,1,4,0,4,2,2,6,0,1,1,2,0,0,0,0,0,0,0,2,1,2,1,0,0,0,15,1,0,false
/home/mohit/projects/Intra-master/Android/app/src/main/java/app/intra/ui/IntroDialog.java,app.intra.ui.IntroDialog$Anonymous3,onClick/1[app.intra.ui.View],false,110,3,4,0,4,1,5,5,0,0,1,5,0,0,0,0,0,0,0,0,0,0,0,0,0,0,7,1,0,false
/home/mohit/projects/Intra-master/Android/app/src/test/java/app/intra/sys/firebase/RemoteConfigTest.java,app.intra.sys.firebase.RemoteConfigTest,getExtraIPKey/0,false,25,2,1,0,1,1,2,10,0,0,0,2,0,0,0,0,0,0,16,0,0,0,0,0,0,0,7,1,0,false
/home/mohit/projects/Intra-master/Android/app/src/test/java/app/intra/net/doh/RaceTest.java,app.intra.net.doh.RaceTest$HalfProber,"probe/2[java.lang.String,app.intra.net.doh.Prober.Callback]",false,74,1,1,0,1,2,3,5,0,2,2,3,0,0,0,1,0,1,0,2,2,1,0,0,0,1,6,1,0,false
/home/mohit/projects/Intra-master/Android/app/src/main/java/app/intra/ui/PadNavigationView.java,app.intra.ui.PadNavigationView,"PadNavigationView/2[app.intra.ui.Context,app.intra.ui.AttributeSet]",true,33,2,0,0,0,1,0,3,0,0,2,0,0,0,0,0,0,0,0,0,0,0,0,0,0,0,5,1,0,false
/home/mohit/projects/Intra-master/Android/app/src/main/java/app/intra/ui/PadNavigationView.java,app.intra.ui.PadNavigationView,"PadNavigationView/3[app.intra.ui.Context,app.intra.ui.AttributeSet,int]",true,37,2,0,0,0,1,0,3,0,0,3,0,0,0,0,0,0,0,0,0,0,0,0,0,0,0,7,1,0,false
/home/mohit/projects/Intra-master/Android/app/src/main/java/app/intra/ui/PadNavigationView.java,app.intra.ui.PadNavigationView,PadNavigationView/1[app.intra.ui.Context],true,29,1,0,0,0,1,0,3,0,0,1,0,0,0,0,0,0,0,0,0,0,0,0,0,0,0,5,1,0,false
/home/mohit/projects/Intra-master/Android/app/src/main/java/app/intra/ui/PadNavigationView.java,app.intra.ui.PadNavigationView,onInsetsChanged/1[app.intra.ui.WindowInsetsCompat],false,42,1,0,0,0,1,5,3,0,0,1,5,0,0,0,0,0,0,0,0,0,0,0,0,0,0,10,4,0,false
/home/mohit/projects/Intra-master/Android/app/src/test/java/app/intra/net/dns/DnsPacketTest.java,app.intra.net.dns.DnsPacketTest,testNXDOMAIN/0,false,98,3,7,0,7,1,10,10,0,2,0,10,0,0,0,0,0,0,1,60,2,0,0,0,0,0,18,1,0,false
/home/mohit/projects/Intra-master/Android/app/src/test/java/app/intra/net/dns/DnsPacketTest.java,app.intra.net.dns.DnsPacketTest,testInfiniteLoop/0,false,259,3,1,0,1,2,3,10,0,1,0,3,0,0,0,0,1,0,1,20,1,0,1,0,0,0,16,1,0,false
/home/mohit/projects/Intra-master/Android/app/src/test/java/app/intra/net/dns/DnsPacketTest.java,app.intra.net.dns.DnsPacketTest,testCompression/0,false,181,3,7,0,7,1,10,10,0,2,0,10,0,0,0,0,0,0,1,112,2,0,0,0,0,0,12,1,0,false
/home/mohit/projects/Intra-master/Android/app/src/test/java/app/intra/net/dns/DnsPacketTest.java,app.intra.net.dns.DnsPacketTest,testTruncated/0,false,153,3,1,0,1,3,2,12,0,4,0,2,0,0,1,0,1,0,0,21,4,0,2,0,0,0,12,1,0,false
/home/mohit/projects/Intra-master/Android/app/src/test/java/app/intra/net/dns/DnsPacketTest.java,app.intra.net.dns.DnsPacketTest,testResponse/0,false,55,3,7,0,7,1,12,11,0,2,0,12,0,0,0,0,0,0,2,56,2,0,0,0,0,0,12,1,0,false
/home/mohit/projects/Intra-master/Android/app/src/test/java/app/intra/net/dns/DnsPacketTest.java,app.intra.net.dns.DnsPacketTest,testQuery/0,false,29,3,7,0,7,1,10,10,0,2,0,10,0,0,0,0,0,0,1,23,2,0,0,0,0,0,12,1,0,false
/home/mohit/projects/Intra-master/Android/app/src/test/java/app/intra/net/dns/DnsPacketTest.java,app.intra.net.dns.DnsPacketTest,testEmpty/0,false,143,3,1,0,1,2,1,9,0,2,0,1,0,0,0,0,1,0,0,0,2,0,1,0,0,0,10,1,0,false
/home/mohit/projects/Intra-master/Android/app/src/main/java/app/intra/sys/ActivityReceiver.java,app.intra.sys.ActivityReceiver,receive/1[java.util.Collection<java.lang.Long>],false,28,0,1,1,0,1,0,1,0,0,1,0,0,0,0,0,0,0,0,0,0,0,0,0,0,0,29,0,0,true
/home/mohit/projects/Intra-master/Android/app/src/main/java/app/intra/ui/IntroDialog.java,app.intra.ui.IntroDialog,getTheme/0,false,57,0,0,0,0,1,0,3,1,0,0,0,0,0,0,0,0,0,0,0,0,0,0,0,0,0,2,1,0,false
/home/mohit/projects/Intra-master/Android/app/src/main/java/app/intra/ui/IntroDialog.java,app.intra.ui.IntroDialog,shouldShow/1[app.intra.ui.Activity],false,52,2,2,1,1,1,1,3,1,0,1,1,0,0,0,0,0,0,0,0,0,0,0,0,0,0,6,8,0,false
/home/mohit/projects/Intra-master/Android/app/src/main/java/app/intra/ui/IntroDialog.java,app.intra.ui.IntroDialog,"onCreateView/3[app.intra.ui.LayoutInflater,app.intra.ui.ViewGroup,app.intra.ui.Bundle]",false,63,12,3,0,3,2,10,55,1,13,3,10,0,0,0,0,0,0,0,0,14,0,1,3,0,1,46,1,0,false
/home/mohit/projects/Intra-master/Android/app/src/main/java/app/intra/ui/RecyclerAdapter.java,app.intra.ui.RecyclerAdapter$Transaction,getCountryCode/1[java.net.InetAddress],false,384,3,3,1,2,2,2,7,2,0,1,2,0,0,0,1,0,0,0,0,0,0,1,0,0,0,10,2,0,false
/home/mohit/projects/Intra-master/Android/app/src/main/java/app/intra/ui/RecyclerAdapter.java,app.intra.ui.RecyclerAdapter$Transaction,getETldPlus1/1[java.lang.String],false,356,1,1,1,0,5,6,24,5,3,1,6,0,0,0,1,2,0,1,5,3,3,3,0,0,0,16,2,0,false
/home/mohit/projects/Intra-master/Android/app/src/main/java/app/intra/ui/RecyclerAdapter.java,app.intra.ui.RecyclerAdapter$Transaction,getTypeName/1[int],false,273,0,1,1,0,2,1,7,2,1,1,1,0,0,0,0,0,0,55,0,1,0,1,0,0,0,5,2,0,false
/home/mohit/projects/Intra-master/Android/app/src/main/java/app/intra/ui/RecyclerAdapter.java,app.intra.ui.RecyclerAdapter$Transaction,"makeAddressPair/2[java.lang.String,java.lang.String]",false,392,1,1,1,0,2,1,6,2,0,2,1,0,0,0,1,0,0,1,0,0,0,1,0,0,0,7,2,0,false
/home/mohit/projects/Intra-master/Android/app/src/main/java/app/intra/ui/RecyclerAdapter.java,app.intra.ui.RecyclerAdapter$Transaction,getFlag/1[java.lang.String],false,338,1,1,1,0,2,2,11,2,5,1,2,0,0,0,1,0,0,1,3,5,4,1,0,0,0,15,2,0,false
/home/mohit/projects/Intra-master/Android/app/src/main/java/app/intra/ui/RecyclerAdapter.java,app.intra.ui.RecyclerAdapter$Transaction,Transaction/1[app.intra.net.doh.Transaction],true,207,5,9,2,7,9,17,66,0,11,1,17,5,1,0,5,2,0,6,2,31,1,3,0,0,0,41,0,0,false
/home/mohit/projects/Intra-master/Android/app/src/main/java/app/intra/sys/QueryTracker.java,app.intra.sys.QueryTracker,getNumRequests/0,false,49,0,1,1,0,1,0,3,1,0,0,0,0,0,0,0,0,0,0,0,0,0,0,0,0,0,4,33,0,false
/home/mohit/projects/Intra-master/Android/app/src/main/java/app/intra/sys/QueryTracker.java,app.intra.sys.QueryTracker,showActivity/1[app.intra.sys.ActivityReceiver],false,60,1,2,1,1,1,2,3,0,0,1,2,0,0,0,0,0,0,0,0,0,0,0,0,0,0,15,33,0,true
/home/mohit/projects/Intra-master/Android/app/src/main/java/app/intra/sys/QueryTracker.java,app.intra.sys.QueryTracker,countQueriesSince/1[long],false,64,0,1,1,0,3,1,12,1,1,1,1,0,0,1,0,0,0,0,0,1,0,2,0,0,0,9,33,0,false
/home/mohit/projects/Intra-master/Android/app/src/main/java/app/intra/sys/QueryTracker.java,app.intra.sys.QueryTracker,sync/1[app.intra.sys.Context],false,115,3,3,3,0,2,6,12,0,3,1,6,0,0,0,0,0,0,0,1,4,0,1,0,0,0,11,33,0,false
/home/mohit/projects/Intra-master/Android/app/src/main/java/app/intra/sys/QueryTracker.java,app.intra.sys.QueryTracker,isHistoryEnabled/0,false,85,0,0,0,0,1,0,3,1,0,0,0,0,0,0,0,0,0,0,0,0,0,0,0,0,0,4,1,0,false
/home/mohit/projects/Intra-master/Android/app/src/main/java/app/intra/sys/QueryTracker.java,app.intra.sys.QueryTracker,"recordTransaction/2[app.intra.sys.Context,app.intra.net.doh.Transaction]",false,90,3,2,1,1,6,7,18,0,0,2,7,1,1,1,2,0,0,0,1,0,2,2,0,0,0,24,32,0,false
/home/mohit/projects/Intra-master/Android/app/src/main/java/app/intra/sys/QueryTracker.java,app.intra.sys.QueryTracker,setHistoryEnabled/1[boolean],false,78,0,1,1,0,2,1,6,0,0,1,1,0,0,0,0,0,0,0,0,1,0,1,0,0,0,5,33,0,false
/home/mohit/projects/Intra-master/Android/app/src/main/java/app/intra/sys/QueryTracker.java,app.intra.sys.QueryTracker,getRecentTransactions/0,false,53,1,0,0,0,1,0,3,1,0,0,0,0,0,0,0,0,0,0,0,0,0,0,0,0,0,4,33,0,false
/home/mohit/projects/Intra-master/Android/app/src/main/java/app/intra/sys/QueryTracker.java,app.intra.sys.QueryTracker,QueryTracker/1[app.intra.sys.Context],true,45,2,2,1,1,1,1,3,0,0,1,1,1,1,0,0,0,0,0,0,0,0,0,0,0,0,5,0,0,false
/home/mohit/projects/Intra-master/Android/app/src/androidTest/java/app/intra/ui/settings/AppInfoTest.java,app.intra.ui.settings.AppInfoTest,compareToEqual/0,false,18,2,2,0,2,1,2,6,0,0,0,2,0,0,0,0,0,0,0,4,0,0,0,0,0,0,14,1,0,false
/home/mohit/projects/Intra-master/Android/app/src/androidTest/java/app/intra/ui/settings/AppInfoTest.java,app.intra.ui.settings.AppInfoTest,compareToUnequal/0,false,26,2,1,0,1,1,2,12,0,0,0,2,0,0,0,0,0,0,0,10,0,0,0,0,0,0,14,1,0,false
/home/mohit/projects/Intra-master/Android/app/src/androidTest/java/app/intra/ui/settings/AppInfoTest.java,app.intra.ui.settings.AppInfoTest,writeToParcel/0,false,53,2,1,0,1,1,1,4,0,0,0,1,1,1,0,0,0,0,0,0,0,0,0,0,0,0,13,1,0,false
/home/mohit/projects/Intra-master/Android/app/src/androidTest/java/app/intra/ui/settings/AppInfoTest.java,app.intra.ui.settings.AppInfoTest,verifyParcelSerializationRoundtrip/1[app.intra.ui.settings.AppInfo],false,39,3,3,1,2,1,9,12,0,4,1,9,0,0,0,0,0,0,0,4,4,0,0,0,0,0,13,2,0,false
/home/mohit/projects/Intra-master/Android/app/src/main/java/app/intra/net/dns/DnsPacket.java,app.intra.net.dns.DnsPacket,"getBits/3[byte,int,int]",false,126,0,2,2,0,1,0,4,1,1,3,0,0,0,0,0,0,3,0,2,1,3,0,0,0,0,6,10,0,false
/home/mohit/projects/Intra-master/Android/app/src/main/java/app/intra/net/dns/DnsPacket.java,app.intra.net.dns.DnsPacket,isNormalQuery/0,false,187,0,4,4,0,5,0,3,1,0,0,0,0,0,0,3,0,0,0,4,0,0,0,0,0,0,5,1,0,false
/home/mohit/projects/Intra-master/Android/app/src/main/java/app/intra/net/dns/DnsPacket.java,app.intra.net.dns.DnsPacket,getId/0,false,183,0,4,4,0,1,0,3,1,0,0,0,0,0,0,0,0,0,0,0,0,0,0,0,0,0,3,1,0,false
/home/mohit/projects/Intra-master/Android/app/src/main/java/app/intra/net/dns/DnsPacket.java,app.intra.net.dns.DnsPacket,"readRecords/2[java.nio.ByteBuffer,short]",false,107,3,3,1,2,2,4,14,1,3,2,4,1,2,1,0,0,0,0,1,9,0,1,0,0,0,14,10,0,false
/home/mohit/projects/Intra-master/Android/app/src/main/java/app/intra/net/dns/DnsPacket.java,app.intra.net.dns.DnsPacket,"getBit/2[byte,int]",false,122,0,1,1,0,2,0,3,1,0,2,0,0,0,0,1,0,2,0,2,0,1,0,0,0,0,4,10,0,false
/home/mohit/projects/Intra-master/Android/app/src/main/java/app/intra/net/dns/DnsPacket.java,app.intra.net.dns.DnsPacket,isResponse/0,false,191,0,4,4,0,1,0,3,1,0,0,0,0,0,0,0,0,0,0,0,0,0,0,0,0,0,3,1,0,false
/home/mohit/projects/Intra-master/Android/app/src/main/java/app/intra/net/dns/DnsPacket.java,app.intra.net.dns.DnsPacket,getQueryName/0,false,195,0,5,5,0,2,0,6,2,0,0,0,0,0,0,0,0,0,0,2,0,0,1,0,0,0,4,1,0,false
/home/mohit/projects/Intra-master/Android/app/src/main/java/app/intra/net/dns/DnsPacket.java,app.intra.net.dns.DnsPacket,readName/1[java.nio.ByteBuffer],false,68,2,5,3,2,5,9,29,1,14,1,9,2,1,1,0,0,2,2,9,15,3,2,0,0,0,38,10,0,false
/home/mohit/projects/Intra-master/Android/app/src/main/java/app/intra/net/dns/DnsPacket.java,app.intra.net.dns.DnsPacket,getQueryType/0,false,202,0,5,5,0,2,0,6,2,0,0,0,0,0,0,0,0,0,0,3,0,0,1,0,0,0,3,1,0,false
/home/mohit/projects/Intra-master/Android/app/src/main/java/app/intra/net/dns/DnsPacket.java,app.intra.net.dns.DnsPacket,DnsPacket/1[byte[]],true,131,3,14,9,5,3,8,47,0,20,1,8,4,3,1,0,1,0,1,12,38,0,2,0,0,0,54,1,0,false
/home/mohit/projects/Intra-master/Android/app/src/main/java/app/intra/net/dns/DnsPacket.java,app.intra.net.dns.DnsPacket,getResponseAddresses/0,false,209,1,5,5,0,6,2,15,1,1,0,2,0,0,2,2,1,0,0,0,1,0,4,0,0,0,18,1,0,false
/home/mohit/projects/Intra-master/Android/app/src/main/java/app/intra/ui/RecyclerAdapter.java,app.intra.ui.RecyclerAdapter$ControlViewHolder,ControlViewHolder/1[app.intra.ui.View],true,100,1,1,1,0,1,0,4,0,0,1,0,0,0,0,0,0,0,0,0,1,0,0,0,0,0,5,0,0,false
/home/mohit/projects/Intra-master/Android/app/src/main/java/app/intra/net/doh/Race.java,app.intra.net.doh.Race$Collector,"onCompleted/2[int,boolean]",false,65,1,2,1,1,4,1,14,0,0,2,1,0,0,0,1,0,0,0,1,1,0,2,0,0,0,10,32,0,false
/home/mohit/projects/Intra-master/Android/app/src/main/java/app/intra/net/doh/Race.java,app.intra.net.doh.Race$Collector,"Collector/2[int,app.intra.net.doh.Race.Listener]",true,60,1,1,1,0,1,0,4,0,0,2,0,0,0,0,0,0,0,0,0,2,0,0,0,0,0,4,0,0,false
/home/mohit/projects/Intra-master/Android/app/src/main/java/app/intra/ui/settings/SettingsFragment.java,app.intra.ui.settings.SettingsFragment$AppEnumerationTask,doInBackground/1[app.intra.ui.settings.PackageManager[]],false,63,3,1,0,1,4,8,16,1,3,1,8,0,0,1,1,0,0,1,2,3,0,2,0,0,0,14,4,0,false
/home/mohit/projects/Intra-master/Android/app/src/main/java/app/intra/ui/settings/AppInfo.java,app.intra.ui.settings.AppInfo,"AppInfo/2[java.lang.String,java.lang.String]",true,33,2,3,3,0,1,0,4,0,0,2,0,0,0,0,0,0,0,0,0,2,0,0,0,0,0,5,0,0,false
/home/mohit/projects/Intra-master/Android/app/src/main/java/app/intra/ui/settings/AppInfo.java,app.intra.ui.settings.AppInfo,compareTo/1[app.intra.ui.settings.AppInfo],false,39,2,3,3,0,5,2,15,5,0,1,2,0,0,0,3,0,0,0,2,0,0,2,0,0,0,7,1,0,false
/home/mohit/projects/Intra-master/Android/app/src/main/java/app/intra/ui/settings/AppInfo.java,app.intra.ui.settings.AppInfo,describeContents/0,false,54,0,0,0,0,1,0,3,1,0,0,0,0,0,0,0,0,0,0,1,0,0,0,0,0,0,2,1,0,false
/home/mohit/projects/Intra-master/Android/app/src/main/java/app/intra/ui/settings/AppInfo.java,app.intra.ui.settings.AppInfo,"writeToParcel/2[app.intra.ui.settings.Parcel,int]",false,59,1,1,1,0,1,1,3,0,0,2,1,0,0,0,0,0,0,0,0,0,0,0,0,0,0,4,1,0,false
/home/mohit/projects/Intra-master/Android/app/src/test/java/app/intra/net/doh/RaceTest.java,app.intra.net.doh.RaceTest$FailProber,"probe/2[java.lang.String,app.intra.net.doh.Prober.Callback]",false,52,1,1,0,1,1,2,3,0,0,2,2,0,0,0,0,0,0,0,0,0,0,0,0,0,1,4,1,0,false
/home/mohit/projects/Intra-master/Android/app/src/main/java/app/intra/ui/HistoryGraph.java,app.intra.ui.HistoryGraph,receive/1[java.util.Collection<java.lang.Long>],false,103,1,1,0,1,6,5,26,0,9,1,5,1,1,2,0,0,2,0,6,12,8,2,0,0,0,37,1,0,false
/home/mohit/projects/Intra-master/Android/app/src/main/java/app/intra/ui/HistoryGraph.java,app.intra.ui.HistoryGraph,onDraw/1[app.intra.ui.Canvas],false,199,2,2,0,2,5,13,41,0,16,1,13,2,1,2,1,0,9,0,19,24,36,2,0,0,0,55,4,0,false
/home/mohit/projects/Intra-master/Android/app/src/main/java/app/intra/ui/HistoryGraph.java,app.intra.ui.HistoryGraph,"onSizeChanged/4[int,int,int,int]",false,160,1,1,0,1,1,1,3,0,0,4,1,1,1,0,0,0,0,0,0,0,0,0,0,0,0,8,4,0,false
/home/mohit/projects/Intra-master/Android/app/src/main/java/app/intra/ui/HistoryGraph.java,app.intra.ui.HistoryGraph,updateCurve/0,false,141,1,2,1,1,1,1,4,1,0,0,1,0,0,0,0,0,0,0,0,0,0,0,0,0,0,5,2,0,false
/home/mohit/projects/Intra-master/Android/app/src/main/java/app/intra/ui/HistoryGraph.java,app.intra.ui.HistoryGraph,setColor/1[int],false,90,1,2,1,1,1,3,5,0,0,1,3,1,1,0,0,0,0,0,0,0,0,0,0,0,0,19,1,0,true
/home/mohit/projects/Intra-master/Android/app/src/main/java/app/intra/ui/HistoryGraph.java,app.intra.ui.HistoryGraph,updateMax/0,false,146,0,1,1,0,3,1,10,0,1,0,1,0,0,1,1,0,0,0,3,4,0,1,0,0,0,6,2,0,false
/home/mohit/projects/Intra-master/Android/app/src/main/java/app/intra/ui/HistoryGraph.java,app.intra.ui.HistoryGraph,"gaussian/3[float,float,int]",false,97,0,1,1,0,1,1,4,1,1,3,1,0,0,0,0,0,2,0,0,1,4,0,0,0,0,6,10,0,false
/home/mohit/projects/Intra-master/Android/app/src/main/java/app/intra/ui/HistoryGraph.java,app.intra.ui.HistoryGraph,updateDataShader/1[int],false,164,1,2,2,0,1,2,4,0,1,1,2,0,0,0,0,0,0,0,4,1,0,0,0,0,0,7,2,0,false
/home/mohit/projects/Intra-master/Android/app/src/main/java/app/intra/ui/HistoryGraph.java,app.intra.ui.HistoryGraph,"onMeasure/2[int,int]",false,171,0,0,0,0,5,7,23,0,5,2,7,0,0,0,4,0,1,0,1,8,1,2,0,0,0,17,4,0,false
/home/mohit/projects/Intra-master/Android/app/src/main/java/app/intra/ui/HistoryGraph.java,app.intra.ui.HistoryGraph,"HistoryGraph/2[app.intra.ui.Context,app.intra.ui.AttributeSet]",true,70,4,2,0,2,1,7,13,0,1,2,7,0,0,0,0,0,0,0,1,4,0,0,0,0,0,24,1,0,false
/home/mohit/projects/Intra-master/Android/app/src/test/java/app/intra/net/doh/RaceTest.java,app.intra.net.doh.RaceTest,HalfFail/0,false,83,3,2,0,2,4,6,16,0,4,0,6,0,0,1,0,0,0,1,6,5,1,1,0,0,1,13,1,0,false
/home/mohit/projects/Intra-master/Android/app/src/test/java/app/intra/net/doh/RaceTest.java,app.intra.net.doh.RaceTest,Success/0,false,33,3,2,0,2,4,6,15,0,3,0,6,0,0,0,0,0,0,0,4,3,0,2,0,0,1,11,1,0,false
/home/mohit/projects/Intra-master/Android/app/src/test/java/app/intra/net/doh/RaceTest.java,app.intra.net.doh.RaceTest,AllFail/0,false,58,3,2,0,2,2,5,14,0,4,0,5,0,0,1,0,0,0,1,4,5,0,1,0,0,1,12,1,0,false
/home/mohit/projects/Intra-master/Android/app/src/main/java/app/intra/ui/Rtl.java,app.intra.ui.Rtl,isRtl/1[app.intra.ui.Fragment],false,30,1,1,1,0,3,3,7,2,1,1,3,0,0,0,1,0,0,0,0,1,0,1,0,0,0,20,8,0,true
/home/mohit/projects/Intra-master/Android/app/src/main/java/app/intra/net/go/GoIntraListener.java,app.intra.net.go.GoIntraListener,len/1[byte[]],false,121,1,1,1,0,2,0,3,1,0,1,0,0,0,0,1,0,0,0,1,0,0,0,0,0,0,3,10,0,false
/home/mohit/projects/Intra-master/Android/app/src/main/java/app/intra/net/go/GoIntraListener.java,app.intra.net.go.GoIntraListener,GoIntraListener/1[app.intra.sys.IntraVpnService],true,49,2,2,1,1,1,1,4,0,0,1,1,0,0,0,0,0,0,0,0,2,0,0,0,0,0,7,0,0,false
/home/mohit/projects/Intra-master/Android/app/src/main/java/app/intra/net/go/GoIntraListener.java,app.intra.net.go.GoIntraListener,(initializer 1),false,93,0,0,0,0,1,1,8,0,0,0,1,0,0,0,0,0,0,0,0,0,0,0,0,0,0,0,8,0,false
/home/mohit/projects/Intra-master/Android/app/src/main/java/app/intra/net/go/GoIntraListener.java,app.intra.net.go.GoIntraListener,onTCPSocketClosed/1[app.intra.net.go.TCPSocketSummary],false,55,3,2,0,2,3,12,11,1,2,1,12,0,0,0,2,0,0,0,2,2,0,2,0,0,0,13,1,0,false
/home/mohit/projects/Intra-master/Android/app/src/main/java/app/intra/net/go/GoIntraListener.java,app.intra.net.go.GoIntraListener,onQuery/1[java.lang.String],false,115,2,1,0,1,1,1,5,1,1,1,1,0,0,0,0,0,0,0,0,1,0,0,0,0,0,6,1,0,false
/home/mohit/projects/Intra-master/Android/app/src/main/java/app/intra/net/go/GoIntraListener.java,app.intra.net.go.GoIntraListener,"onResponse/2[app.intra.net.go.Token,doh.Summary]",false,126,7,4,0,4,4,15,26,1,6,2,15,1,1,0,2,1,2,0,3,11,3,1,0,0,0,21,1,0,false
/home/mohit/projects/Intra-master/Android/app/src/main/java/app/intra/net/go/GoIntraListener.java,app.intra.net.go.GoIntraListener,onUDPSocketClosed/1[app.intra.net.go.UDPSocketSummary],false,81,2,1,0,1,2,4,7,1,1,1,4,0,0,0,0,0,0,0,0,1,1,1,0,0,0,20,1,0,false
/home/mohit/projects/Intra-master/Android/app/src/main/java/app/intra/net/go/GoIntraListener.java,app.intra.net.go.GoIntraListener$Metric,Metric/1[java.lang.String],true,109,0,1,1,0,1,2,3,0,0,1,2,0,0,0,0,0,0,1,0,1,0,0,0,0,0,3,0,0,false
/home/mohit/projects/Intra-master/Android/app/src/main/java/app/intra/ui/MainActivity.java,app.intra.ui.MainActivity,getLinkProperties/0,false,497,3,2,2,0,3,3,11,3,2,0,3,0,0,0,1,0,0,0,0,2,0,1,0,0,0,22,2,0,false
/home/mohit/projects/Intra-master/Android/app/src/main/java/app/intra/ui/MainActivity.java,app.intra.ui.MainActivity,openUrl/1[java.lang.String],false,145,1,1,1,0,1,3,5,0,1,1,3,0,0,0,0,0,0,0,0,1,0,0,0,0,0,7,2,0,false
/home/mohit/projects/Intra-master/Android/app/src/main/java/app/intra/ui/MainActivity.java,app.intra.ui.MainActivity,updateServerName/0,false,354,2,3,2,1,2,3,7,1,1,0,3,0,0,0,1,0,0,0,0,1,0,1,0,0,0,8,2,0,false
/home/mohit/projects/Intra-master/Android/app/src/main/java/app/intra/ui/MainActivity.java,app.intra.ui.MainActivity,onDestroy/0,false,426,0,0,0,0,1,5,5,0,0,0,5,0,0,0,0,0,0,0,0,0,0,0,0,0,0,4,4,0,false
/home/mohit/projects/Intra-master/Android/app/src/main/java/app/intra/ui/MainActivity.java,app.intra.ui.MainActivity,getIntroApproval/0,false,881,1,3,1,2,2,3,5,0,0,0,3,0,0,0,0,0,0,1,0,0,0,1,0,0,0,7,2,0,false
/home/mohit/projects/Intra-master/Android/app/src/main/java/app/intra/ui/MainActivity.java,app.intra.ui.MainActivity,syncDnsStatus/0,false,606,11,11,4,7,22,18,102,1,22,0,18,4,3,0,12,0,0,0,0,42,0,2,0,0,0,49,2,0,false
/home/mohit/projects/Intra-master/Android/app/src/main/java/app/intra/ui/MainActivity.java,app.intra.ui.MainActivity,stopDnsVpnService/0,false,447,1,4,2,2,1,2,3,0,0,0,2,0,0,0,0,0,0,0,0,0,0,0,0,0,0,4,2,0,false
/home/mohit/projects/Intra-master/Android/app/src/main/java/app/intra/ui/MainActivity.java,app.intra.ui.MainActivity,onResume/0,false,411,1,2,0,2,1,3,5,0,0,0,3,2,4,0,0,0,0,0,0,0,0,0,0,0,0,7,4,0,false
/home/mohit/projects/Intra-master/Android/app/src/main/java/app/intra/ui/MainActivity.java,app.intra.ui.MainActivity,showNumRequests/1[long],false,137,1,2,2,0,2,4,7,1,1,1,4,0,0,0,1,0,0,1,0,1,0,1,0,0,0,8,2,0,false
/home/mohit/projects/Intra-master/Android/app/src/main/java/app/intra/ui/MainActivity.java,app.intra.ui.MainActivity,hasVpnService/0,false,474,1,1,1,0,2,0,3,1,0,0,0,0,0,0,0,0,0,1,0,0,0,0,0,0,0,3,2,0,false
/home/mohit/projects/Intra-master/Android/app/src/main/java/app/intra/ui/MainActivity.java,app.intra.ui.MainActivity,onAttachedToWindow/0,false,257,1,1,0,1,1,1,3,0,0,0,1,1,1,0,0,0,0,0,0,0,0,0,0,0,0,7,1,0,false
/home/mohit/projects/Intra-master/Android/app/src/main/java/app/intra/ui/MainActivity.java,app.intra.ui.MainActivity,"setInfoClicker/2[int,app.intra.ui.MainActivity.InfoPage]",false,350,2,2,2,0,1,3,3,0,1,2,3,0,0,0,0,0,0,0,0,0,0,0,0,0,1,8,2,0,false
/home/mohit/projects/Intra-master/Android/app/src/main/java/app/intra/ui/MainActivity.java,app.intra.ui.MainActivity,"onActivityResult/3[int,int,app.intra.ui.Intent]",false,594,2,2,0,2,3,3,11,0,0,3,3,2,1,0,2,0,0,0,0,0,0,2,0,0,0,27,1,0,false
/home/mohit/projects/Intra-master/Android/app/src/main/java/app/intra/ui/MainActivity.java,app.intra.ui.MainActivity,showSettings/0,false,740,1,3,1,2,1,7,5,0,0,0,7,0,0,0,0,0,0,0,0,1,0,0,0,0,0,9,2,0,false
/home/mohit/projects/Intra-master/Android/app/src/main/java/app/intra/ui/MainActivity.java,app.intra.ui.MainActivity,onCreate/1[app.intra.ui.Bundle],false,159,13,7,0,7,1,27,63,0,4,1,27,3,7,0,0,0,0,0,0,8,0,0,2,0,0,52,4,0,false
/home/mohit/projects/Intra-master/Android/app/src/main/java/app/intra/ui/MainActivity.java,app.intra.ui.MainActivity,stopAnimation/0,false,396,0,1,1,0,2,1,6,0,0,0,1,0,0,0,1,0,0,0,0,1,0,1,0,0,0,5,2,0,false
/home/mohit/projects/Intra-master/Android/app/src/main/java/app/intra/ui/MainActivity.java,app.intra.ui.MainActivity,prepareVpnService/0,false,478,3,3,1,2,3,5,17,3,1,0,5,1,4,0,1,1,0,1,0,2,0,1,0,0,0,24,2,0,false
/home/mohit/projects/Intra-master/Android/app/src/main/java/app/intra/ui/MainActivity.java,app.intra.ui.MainActivity,showTransaction/1[app.intra.net.doh.Transaction],false,131,3,3,1,2,2,2,5,0,0,1,2,1,1,0,0,0,0,0,0,0,0,1,0,0,0,6,2,0,false
/home/mohit/projects/Intra-master/Android/app/src/main/java/app/intra/ui/MainActivity.java,app.intra.ui.MainActivity,startAnimation/0,false,367,4,5,2,3,3,4,25,1,5,0,4,0,0,0,2,0,0,0,2,6,0,1,2,0,0,23,2,0,false
/home/mohit/projects/Intra-master/Android/app/src/main/java/app/intra/ui/MainActivity.java,app.intra.ui.MainActivity,showInfo/1[app.intra.ui.MainActivity.InfoPage],false,851,6,1,0,1,2,9,13,0,6,1,9,1,2,0,0,0,0,0,0,6,0,0,0,0,0,18,2,0,false
/home/mohit/projects/Intra-master/Android/app/src/main/java/app/intra/ui/MainActivity.java,app.intra.ui.MainActivity,getPrivateDnsMode/0,false,539,3,2,1,1,5,3,16,5,1,0,3,1,1,0,2,0,0,0,0,1,0,1,0,0,0,8,2,0,false
/home/mohit/projects/Intra-master/Android/app/src/main/java/app/intra/ui/MainActivity.java,app.intra.ui.MainActivity,isShowingHomeView/0,false,735,1,1,1,0,2,2,4,1,1,0,2,0,0,0,1,0,0,0,0,1,0,0,0,0,0,8,2,0,false
/home/mohit/projects/Intra-master/Android/app/src/main/java/app/intra/ui/MainActivity.java,app.intra.ui.MainActivity,startDnsVpnService/0,false,443,1,4,2,2,1,2,3,0,0,0,2,0,0,0,0,0,0,0,0,0,0,0,0,0,0,4,2,0,false
/home/mohit/projects/Intra-master/Android/app/src/main/java/app/intra/ui/MainActivity.java,app.intra.ui.MainActivity,onPause/0,false,420,1,1,0,1,1,2,4,0,0,0,2,1,1,0,0,0,0,0,0,0,0,0,0,0,0,4,4,0,false
/home/mohit/projects/Intra-master/Android/app/src/main/java/app/intra/ui/MainActivity.java,app.intra.ui.MainActivity,onPostCreate/1[app.intra.ui.Bundle],false,404,1,0,0,0,1,2,4,0,0,1,2,0,0,0,0,0,0,0,0,0,0,0,0,0,0,7,4,0,false
/home/mohit/projects/Intra-master/Android/app/src/main/java/app/intra/ui/MainActivity.java,app.intra.ui.MainActivity,getHistory/0,false,451,2,3,1,2,1,3,4,1,1,0,3,0,0,0,0,0,0,0,0,1,0,0,0,0,0,5,2,0,false
/home/mohit/projects/Intra-master/Android/app/src/main/java/app/intra/ui/MainActivity.java,app.intra.ui.MainActivity,maybeAutostart/0,false,434,4,5,1,4,3,4,8,0,2,0,4,1,6,0,0,0,0,1,0,2,0,1,0,0,0,11,2,0,false
/home/mohit/projects/Intra-master/Android/app/src/main/java/app/intra/ui/MainActivity.java,app.intra.ui.MainActivity,getSystemDnsServer/0,false,511,2,2,1,1,6,4,19,5,2,0,4,1,1,1,2,0,0,0,0,2,0,2,0,0,0,13,2,0,false
/home/mohit/projects/Intra-master/Android/app/src/main/java/app/intra/ui/MainActivity.java,app.intra.ui.MainActivity,onBackPressed/0,false,726,1,2,0,2,2,3,7,1,0,0,3,2,2,0,0,0,0,0,0,0,0,1,0,0,0,8,1,0,false
/home/mohit/projects/Intra-master/Android/app/src/main/java/app/intra/ui/MainActivity.java,app.intra.ui.MainActivity,prepareAndStartDnsVpn/0,false,461,2,6,2,4,3,4,10,0,0,0,4,3,5,0,0,0,0,1,0,0,0,2,0,0,0,16,2,0,false
/home/mohit/projects/Intra-master/Android/app/src/main/java/app/intra/ui/MainActivity.java,app.intra.ui.MainActivity,chooseView/1[int],false,750,4,5,4,1,4,8,31,1,6,1,8,1,1,0,1,0,0,0,0,6,0,1,0,0,0,22,2,0,false
/home/mohit/projects/Intra-master/Android/app/src/main/java/app/intra/ui/MainActivity.java,app.intra.ui.MainActivity,getNumRequests/0,false,456,1,3,1,2,1,3,4,1,1,0,3,0,0,0,0,0,0,0,0,1,0,0,0,0,0,6,2,0,false
/home/mohit/projects/Intra-master/Android/app/src/main/java/app/intra/ui/MainActivity.java,app.intra.ui.MainActivity,isAnotherVpnActive/0,false,561,4,2,1,1,11,11,28,5,6,0,11,0,0,1,3,1,1,3,0,6,0,3,0,0,0,35,2,0,false
/home/mohit/projects/Intra-master/Android/app/src/main/java/app/intra/ui/MainActivity.java,app.intra.ui.MainActivity,"updateStatsDisplay/2[long,app.intra.net.doh.Transaction]",false,126,2,3,1,2,1,2,4,0,0,2,2,2,2,0,0,0,0,0,0,0,0,0,0,0,0,9,2,0,false
/home/mohit/projects/Intra-master/Android/app/src/main/java/app/intra/ui/MainActivity.java,app.intra.ui.MainActivity,getControlView/1[app.intra.ui.ViewGroup],false,262,11,10,1,9,3,31,62,2,6,1,31,6,4,0,1,0,0,1,1,7,0,3,2,0,3,57,1,0,false
/home/mohit/projects/Intra-master/Android/app/src/main/java/app/intra/ui/MainActivity.java,app.intra.ui.MainActivity,"prepareHyperlinks/2[app.intra.ui.Activity,app.intra.ui.View]",false,870,4,1,1,0,2,3,7,0,2,2,3,0,0,1,0,0,0,0,0,2,0,1,0,0,0,11,10,0,false
/home/mohit/projects/Intra-master/Android/app/src/main/java/app/intra/ui/MainActivity.java,app.intra.ui.MainActivity,"onSharedPreferenceChanged/2[app.intra.ui.SharedPreferences,java.lang.String]",false,152,2,1,0,1,2,2,5,0,0,2,2,1,1,0,0,0,0,0,0,0,0,1,0,0,0,9,1,0,false
/home/mohit/projects/Intra-master/Android/app/src/main/java/app/intra/ui/MainActivity.java,app.intra.ui.MainActivity,isHistoryEnabled/0,false,363,1,4,2,2,1,3,3,1,0,0,3,0,0,0,0,0,0,0,0,0,0,0,0,0,0,3,2,0,false
/home/mohit/projects/Intra-master/Android/app/src/main/java/app/intra/sys/AutoStarter.java,app.intra.sys.AutoStarter,"onReceive/2[app.intra.sys.Context,app.intra.sys.Intent]",false,34,7,4,0,4,5,11,19,2,4,2,11,0,0,0,1,0,0,3,0,3,0,2,0,0,1,17,1,0,false
/home/mohit/projects/Intra-master/Android/app/src/main/java/app/intra/net/go/GoVpnAdapter.java,app.intra.net.go.GoVpnAdapter$LanIp,LanIp/1[int],true,72,0,0,0,0,1,0,3,0,0,1,0,0,0,0,0,0,0,0,0,1,0,0,0,0,0,3,0,0,false
/home/mohit/projects/Intra-master/Android/app/src/main/java/app/intra/net/go/GoVpnAdapter.java,app.intra.net.go.GoVpnAdapter$LanIp,make/1[java.lang.String],false,76,0,1,1,0,1,1,3,1,0,1,1,0,0,0,0,0,0,0,0,0,0,0,0,0,0,2,0,0,false
/home/mohit/projects/Intra-master/Android/app/src/main/java/app/intra/ui/MainActivity.java,app.intra.ui.MainActivity$InfoPage,"InfoPage/5[boolean,int,int,int,int]",true,842,0,0,0,0,1,0,7,0,0,5,0,0,0,0,0,0,0,0,0,5,0,0,0,0,0,7,0,0,false
/home/mohit/projects/Intra-master/Android/app/src/main/java/app/intra/ui/settings/ServerApprovalDialogFragment.java,app.intra.ui.settings.ServerApprovalDialogFragment,ServerApprovalDialogFragment/0,true,56,0,0,0,0,1,0,3,0,0,0,0,0,0,0,0,0,0,0,0,0,0,0,0,0,0,25,1,0,true
/home/mohit/projects/Intra-master/Android/app/src/main/java/app/intra/ui/settings/ServerApprovalDialogFragment.java,app.intra.ui.settings.ServerApprovalDialogFragment,setShowWebsite/1[boolean],false,100,2,2,1,1,1,3,5,0,1,1,3,1,1,0,0,0,0,0,0,1,0,0,0,0,0,9,2,0,false
/home/mohit/projects/Intra-master/Android/app/src/main/java/app/intra/ui/settings/ServerApprovalDialogFragment.java,app.intra.ui.settings.ServerApprovalDialogFragment,getIndex/0,false,96,1,3,2,1,1,2,3,1,0,0,2,1,1,0,0,0,0,0,0,0,0,0,0,0,0,11,2,0,false
/home/mohit/projects/Intra-master/Android/app/src/main/java/app/intra/ui/settings/ServerApprovalDialogFragment.java,app.intra.ui.settings.ServerApprovalDialogFragment,makeNoticeText/0,false,123,6,1,1,0,2,9,12,1,4,0,9,0,0,1,0,0,0,0,1,4,0,1,0,0,0,21,2,0,false
/home/mohit/projects/Intra-master/Android/app/src/main/java/app/intra/ui/settings/ServerApprovalDialogFragment.java,app.intra.ui.settings.ServerApprovalDialogFragment,getArgs/0,false,82,1,4,4,0,2,1,7,2,1,0,1,0,0,0,1,0,0,0,0,1,0,1,0,0,0,6,2,0,false
/home/mohit/projects/Intra-master/Android/app/src/main/java/app/intra/ui/settings/ServerApprovalDialogFragment.java,app.intra.ui.settings.ServerApprovalDialogFragment,ServerApprovalDialogFragment/1[int],true,65,1,1,0,1,1,1,4,0,0,1,1,1,2,0,0,0,0,0,0,0,0,0,0,0,0,28,1,0,true
/home/mohit/projects/Intra-master/Android/app/src/main/java/app/intra/ui/settings/ServerApprovalDialogFragment.java,app.intra.ui.settings.ServerApprovalDialogFragment,"ServerApprovalDialogFragment/2[int,boolean]",true,76,1,2,0,2,1,2,5,0,0,2,2,2,3,0,0,0,0,0,0,0,0,0,0,0,0,35,2,0,true
/home/mohit/projects/Intra-master/Android/app/src/main/java/app/intra/ui/settings/ServerApprovalDialogFragment.java,app.intra.ui.settings.ServerApprovalDialogFragment,onCancel/1[app.intra.ui.settings.DialogInterface],false,176,3,2,0,2,1,4,3,0,0,1,4,1,3,0,0,0,0,0,0,0,0,0,0,0,0,10,1,0,false
/home/mohit/projects/Intra-master/Android/app/src/main/java/app/intra/ui/settings/ServerApprovalDialogFragment.java,app.intra.ui.settings.ServerApprovalDialogFragment,getHostForAnalytics/0,false,138,2,4,2,2,1,5,5,1,2,0,5,1,2,0,0,0,0,0,0,2,0,0,0,0,0,9,2,0,false
/home/mohit/projects/Intra-master/Android/app/src/main/java/app/intra/ui/settings/ServerApprovalDialogFragment.java,app.intra.ui.settings.ServerApprovalDialogFragment,onCreateDialog/1[app.intra.ui.settings.Bundle],false,145,9,6,0,6,3,26,23,1,10,1,26,5,4,0,0,0,0,1,0,8,0,2,0,0,3,38,1,0,false
/home/mohit/projects/Intra-master/Android/app/src/main/java/app/intra/ui/settings/ServerApprovalDialogFragment.java,app.intra.ui.settings.ServerApprovalDialogFragment,setIndex/1[int],false,90,2,3,2,1,1,3,5,0,1,1,3,1,1,0,0,0,0,0,0,1,0,0,0,0,0,8,2,0,false
/home/mohit/projects/Intra-master/Android/app/src/main/java/app/intra/ui/settings/ServerApprovalDialogFragment.java,app.intra.ui.settings.ServerApprovalDialogFragment,makeWebView/1[int],false,111,5,1,1,0,1,8,9,1,2,1,8,0,0,0,0,0,0,1,0,2,0,0,0,0,0,13,2,0,false
/home/mohit/projects/Intra-master/Android/app/src/main/java/app/intra/ui/settings/ServerApprovalDialogFragment.java,app.intra.ui.settings.ServerApprovalDialogFragment,getShowWebsite/0,false,106,1,2,1,1,1,2,3,1,0,0,2,1,1,0,0,0,0,0,0,0,0,0,0,0,0,15,2,0,false
/home/mohit/projects/Intra-master/Android/app/src/main/java/app/intra/net/doh/Transaction.java,app.intra.net.doh.Transaction,"Transaction/2[app.intra.net.dns.DnsPacket,long]",true,36,1,3,1,2,1,2,5,0,0,2,2,0,0,0,0,0,0,0,0,3,0,0,0,0,0,4,1,0,false
/home/mohit/projects/Intra-master/Android/app/src/main/java/app/intra/sys/firebase/LogWrapper.java,app.intra.sys.firebase.LogWrapper,"log/3[int,java.lang.String,java.lang.String]",false,40,0,16,16,0,3,3,11,1,0,3,3,0,0,0,0,1,0,1,0,0,1,1,0,0,0,7,9,0,false
/home/mohit/projects/Intra-master/Android/app/src/main/java/app/intra/sys/firebase/LogWrapper.java,app.intra.sys.firebase.LogWrapper,logException/1[java.lang.Throwable],false,28,0,16,16,0,3,3,11,1,0,1,3,0,0,0,0,1,0,2,0,0,0,1,0,0,0,7,9,0,false
/home/mohit/projects/Intra-master/Android/app/src/main/java/app/intra/sys/VpnState.java,app.intra.sys.VpnState,"VpnState/3[boolean,boolean,app.intra.sys.IntraVpnService.State]",true,30,1,1,1,0,1,0,5,0,0,3,0,0,0,0,0,0,0,0,0,3,0,0,0,0,0,6,0,0,false
/home/mohit/projects/Intra-master/Android/app/src/main/java/app/intra/sys/firebase/RemoteConfig.java,app.intra.sys.firebase.RemoteConfig,getExtraIPs/1[java.lang.String],false,48,2,3,1,2,2,4,9,2,0,1,4,1,1,0,0,1,0,1,0,0,0,1,0,0,0,11,9,0,false
/home/mohit/projects/Intra-master/Android/app/src/main/java/app/intra/sys/firebase/RemoteConfig.java,app.intra.sys.firebase.RemoteConfig,update/0,false,30,3,3,2,1,2,4,10,2,1,0,4,0,0,0,0,1,0,0,0,1,0,1,0,0,0,10,9,0,false
/home/mohit/projects/Intra-master/Android/app/src/main/java/app/intra/sys/firebase/RemoteConfig.java,app.intra.sys.firebase.RemoteConfig,getExtraIPKey/1[java.lang.String],false,40,0,2,2,0,1,2,3,1,0,1,2,0,0,0,0,0,0,3,0,0,1,0,0,0,0,6,8,0,false
/home/mohit/projects/Intra-master/Android/app/src/main/java/app/intra/sys/firebase/RemoteConfig.java,app.intra.sys.firebase.RemoteConfig,getChoirEnabled/0,false,57,1,2,1,1,2,3,9,2,0,0,3,0,0,0,0,1,0,1,0,0,0,1,0,0,0,8,9,0,false
/home/mohit/projects/Intra-master/Android/app/src/main/java/app/intra/ui/settings/Untemplate.java,app.intra.ui.settings.Untemplate,strip/1[java.lang.String],false,30,0,6,6,0,1,1,3,1,0,1,1,0,0,0,0,0,0,2,0,0,0,0,0,0,0,40,9,0,true
/home/mohit/projects/Intra-master/Android/app/src/main/java/app/intra/ui/IntroDialog.java,app.intra.ui.IntroDialog$Adapter,Adapter/1[app.intra.ui.Fragment],true,179,2,2,1,1,2,1,7,0,1,1,1,0,0,1,0,0,0,0,1,3,0,1,0,0,0,5,0,0,false
/home/mohit/projects/Intra-master/Android/app/src/main/java/app/intra/ui/IntroDialog.java,app.intra.ui.IntroDialog$Adapter,createFragment/1[int],false,193,2,0,0,0,1,0,3,1,0,1,0,0,0,0,0,0,0,0,0,0,0,0,0,0,0,3,1,0,false
/home/mohit/projects/Intra-master/Android/app/src/main/java/app/intra/ui/IntroDialog.java,app.intra.ui.IntroDialog$Adapter,getItemCount/0,false,188,0,0,0,0,1,0,3,1,0,0,0,0,0,0,0,0,0,0,0,0,0,0,0,0,0,3,1,0,false
/home/mohit/projects/Intra-master/Android/app/src/main/java/app/intra/ui/IntroDialog.java,app.intra.ui.IntroDialog$Page,"newInstance/3[int,int,int]",false,133,4,2,1,1,1,2,9,1,2,3,2,0,0,0,0,0,0,0,1,2,0,0,0,0,0,7,8,0,false
/home/mohit/projects/Intra-master/Android/app/src/main/java/app/intra/ui/IntroDialog.java,app.intra.ui.IntroDialog$Page,"onCreateView/3[app.intra.ui.LayoutInflater,app.intra.ui.ViewGroup,app.intra.ui.Bundle]",false,145,6,0,0,0,1,8,11,1,4,3,8,0,0,0,0,0,0,0,0,4,0,0,0,0,0,28,1,0,false
/home/mohit/projects/Intra-master/Android/app/src/main/java/app/intra/ui/settings/SettingsFragment.java,app.intra.ui.settings.SettingsFragment,onDisplayPreferenceDialog/1[app.intra.ui.settings.Preference],false,110,6,2,0,2,4,11,22,0,6,1,11,1,1,1,1,0,0,0,2,8,0,3,0,0,0,21,1,0,false
/home/mohit/projects/Intra-master/Android/app/src/main/java/app/intra/ui/settings/SettingsFragment.java,app.intra.ui.settings.SettingsFragment,"onCreatePreferences/2[app.intra.ui.settings.Bundle,java.lang.String]",false,93,2,0,0,0,3,5,11,0,0,2,5,0,0,0,1,0,0,0,0,2,0,1,0,0,0,28,1,0,false
/home/mohit/projects/Intra-master/Android/app/src/main/java/app/intra/ui/settings/SettingsFragment.java,app.intra.ui.settings.SettingsFragment,onSaveInstanceState/1[app.intra.ui.settings.Bundle],false,85,3,1,0,1,2,2,6,0,1,1,2,1,1,0,1,0,0,0,0,1,0,1,0,0,0,11,1,0,false
/home/mohit/projects/Intra-master/Android/app/src/main/java/app/intra/ui/settings/SettingsFragment.java,app.intra.ui.settings.SettingsFragment,getAppList/0,false,151,3,3,2,1,5,2,16,2,0,0,2,0,0,0,2,1,0,0,0,1,0,2,0,0,0,23,2,0,true
/home/mohit/projects/Intra-master/Android/app/src/main/java/app/intra/ui/settings/SettingsFragment.java,app.intra.ui.settings.SettingsFragment,collectInstalledApps/1[app.intra.ui.settings.PackageManager],false,141,3,2,1,1,1,1,4,0,0,1,1,0,0,0,0,0,0,0,0,1,0,0,0,0,0,26,1,0,true
/home/mohit/projects/Intra-master/Android/app/src/main/java/app/intra/sys/NetworkManager.java,app.intra.sys.NetworkManager$Anonymous1,"onReceive/2[app.intra.sys.Context,app.intra.sys.Intent]",false,64,3,1,0,1,1,1,3,0,0,2,1,0,0,0,0,0,0,0,0,0,0,0,0,0,0,6,1,0,false
/home/mohit/projects/Intra-master/Android/app/src/main/java/app/intra/ui/settings/ServerChooserFragment.java,app.intra.ui.settings.ServerChooserFragment,updateUI/0,false,82,2,9,5,4,3,6,14,0,2,0,6,3,1,0,1,0,0,0,0,2,0,1,0,0,0,12,2,0,false
/home/mohit/projects/Intra-master/Android/app/src/main/java/app/intra/ui/settings/ServerChooserFragment.java,app.intra.ui.settings.ServerChooserFragment,getUrl/0,false,73,0,2,2,0,2,4,7,2,1,0,4,0,0,0,1,0,0,0,0,1,0,1,0,0,0,4,2,0,false
/home/mohit/projects/Intra-master/Android/app/src/main/java/app/intra/ui/settings/ServerChooserFragment.java,app.intra.ui.settings.ServerChooserFragment,onBindDialogView/1[app.intra.ui.settings.View],false,179,4,4,0,4,2,21,31,0,4,1,21,2,2,0,0,0,0,0,1,13,0,1,0,0,0,32,4,0,false
/home/mohit/projects/Intra-master/Android/app/src/main/java/app/intra/ui/settings/ServerChooserFragment.java,app.intra.ui.settings.ServerChooserFragment,onViewStateRestored/1[app.intra.ui.settings.Bundle],false,228,2,1,0,1,1,2,4,0,0,1,2,1,2,0,0,0,0,0,0,0,0,0,0,0,0,10,1,0,false
/home/mohit/projects/Intra-master/Android/app/src/main/java/app/intra/ui/settings/ServerChooserFragment.java,app.intra.ui.settings.ServerChooserFragment,"onTextChanged/4[java.lang.CharSequence,int,int,int]",false,106,0,0,0,0,1,0,2,0,0,4,0,0,0,0,0,0,0,0,0,0,0,0,0,0,0,6,1,0,false
/home/mohit/projects/Intra-master/Android/app/src/main/java/app/intra/ui/settings/ServerChooserFragment.java,app.intra.ui.settings.ServerChooserFragment,"onItemSelected/4[app.intra.ui.settings.AdapterView<?>,app.intra.ui.settings.View,int,long]",false,144,3,1,0,1,1,1,3,0,0,4,1,1,1,0,0,0,0,0,0,0,0,0,0,0,0,7,1,0,false
/home/mohit/projects/Intra-master/Android/app/src/main/java/app/intra/ui/settings/ServerChooserFragment.java,app.intra.ui.settings.ServerChooserFragment,onNothingSelected/1[app.intra.ui.settings.AdapterView<?>],false,174,2,1,0,1,1,1,3,0,0,1,1,1,2,0,0,0,0,0,0,0,0,0,0,0,0,8,1,0,false
/home/mohit/projects/Intra-master/Android/app/src/main/java/app/intra/ui/settings/ServerChooserFragment.java,app.intra.ui.settings.ServerChooserFragment,newInstance/1[java.lang.String],false,65,2,2,1,1,1,2,7,1,2,1,2,0,0,0,0,0,0,0,1,2,0,0,0,0,0,9,8,0,false
/home/mohit/projects/Intra-master/Android/app/src/main/java/app/intra/ui/settings/ServerChooserFragment.java,app.intra.ui.settings.ServerChooserFragment,"onEditorAction/3[app.intra.ui.settings.TextView,int,app.intra.ui.settings.KeyEvent]",false,127,7,2,0,2,3,8,12,2,2,3,8,1,1,0,0,0,1,0,0,2,0,2,0,0,0,16,1,0,false
/home/mohit/projects/Intra-master/Android/app/src/main/java/app/intra/ui/settings/ServerChooserFragment.java,app.intra.ui.settings.ServerChooserFragment,onBuiltinServerSelected/1[int],false,148,2,2,2,0,2,12,14,0,5,1,12,0,0,1,0,0,0,0,6,5,0,1,0,0,0,23,2,0,false
/home/mohit/projects/Intra-master/Android/app/src/main/java/app/intra/ui/settings/ServerChooserFragment.java,app.intra.ui.settings.ServerChooserFragment,onDialogClosed/1[boolean],false,217,2,2,0,2,2,6,9,0,1,1,6,1,1,0,0,0,0,0,0,1,0,1,0,0,0,12,1,0,false
/home/mohit/projects/Intra-master/Android/app/src/main/java/app/intra/ui/settings/ServerChooserFragment.java,app.intra.ui.settings.ServerChooserFragment,setValid/1[boolean],false,233,2,1,1,0,3,4,7,0,1,1,4,0,0,0,0,0,1,0,0,1,0,1,0,0,0,7,2,0,false
/home/mohit/projects/Intra-master/Android/app/src/main/java/app/intra/ui/settings/ServerChooserFragment.java,app.intra.ui.settings.ServerChooserFragment,afterTextChanged/1[app.intra.ui.settings.Editable],false,110,2,1,0,1,1,1,3,0,0,1,1,1,2,0,0,0,0,0,0,0,0,0,0,0,0,8,1,0,false
/home/mohit/projects/Intra-master/Android/app/src/main/java/app/intra/ui/settings/ServerChooserFragment.java,app.intra.ui.settings.ServerChooserFragment,checkUrl/1[java.lang.String],false,116,0,2,2,0,4,7,9,2,1,1,7,0,0,0,2,1,0,1,0,1,0,1,0,0,0,12,2,0,false
/home/mohit/projects/Intra-master/Android/app/src/main/java/app/intra/ui/settings/ServerChooserFragment.java,app.intra.ui.settings.ServerChooserFragment,"beforeTextChanged/4[java.lang.CharSequence,int,int,int]",false,102,0,0,0,0,1,0,2,0,0,4,0,0,0,0,0,0,0,0,0,0,0,0,0,0,0,6,1,0,false
/home/mohit/projects/Intra-master/Android/app/src/main/java/app/intra/ui/settings/ServerChooserFragment.java,app.intra.ui.settings.ServerChooserFragment,"onCheckedChanged/2[app.intra.ui.settings.RadioGroup,int]",false,97,2,1,0,1,1,1,3,0,0,2,1,1,2,0,0,0,0,0,0,0,0,0,0,0,0,10,1,0,false
/home/mohit/projects/Intra-master/Android/app/src/test/java/app/intra/ui/settings/UntemplateTest.java,app.intra.ui.settings.UntemplateTest,testTemplateWeird/0,false,43,2,1,0,1,1,2,3,0,0,0,2,0,0,0,0,0,0,2,0,0,0,0,0,0,0,8,1,0,false
/home/mohit/projects/Intra-master/Android/app/src/test/java/app/intra/ui/settings/UntemplateTest.java,app.intra.ui.settings.UntemplateTest,testTemplateBasic/0,false,36,2,1,0,1,1,2,4,0,0,0,2,0,0,0,0,0,0,4,0,0,0,0,0,0,0,7,1,0,false
/home/mohit/projects/Intra-master/Android/app/src/test/java/app/intra/ui/settings/UntemplateTest.java,app.intra.ui.settings.UntemplateTest,testUnmodified/0,false,30,2,1,0,1,1,1,4,0,0,0,1,1,1,0,0,0,0,2,0,0,0,0,0,0,0,4,1,0,false
/home/mohit/projects/Intra-master/Android/app/src/test/java/app/intra/ui/settings/UntemplateTest.java,app.intra.ui.settings.UntemplateTest,assertUnmodified/1[java.lang.String],false,25,1,2,1,1,1,2,3,0,0,1,2,0,0,0,0,0,0,0,0,0,0,0,0,0,0,4,2,0,false
/home/mohit/projects/Intra-master/Android/app/src/main/java/app/intra/sys/IntraVpnService.java,app.intra.sys.IntraVpnService$Anonymous2,run/0,false,451,1,3,0,3,1,2,4,0,0,0,2,0,0,0,0,0,0,0,0,0,0,0,0,0,0,6,1,0,false
/home/mohit/projects/Intra-master/Android/app/src/main/java/app/intra/sys/IntraVpnService.java,app.intra.sys.IntraVpnService,startVpnAdapter/0,false,312,4,5,1,4,3,6,15,0,0,0,6,1,1,0,2,0,0,2,0,1,0,3,0,0,0,12,2,0,false
/home/mohit/projects/Intra-master/Android/app/src/main/java/app/intra/sys/IntraVpnService.java,app.intra.sys.IntraVpnService,onNetworkConnected/1[app.intra.sys.NetworkInfo],false,444,3,3,0,3,1,3,11,0,0,1,3,1,1,0,0,0,0,2,0,0,0,0,1,0,0,15,1,0,false
/home/mohit/projects/Intra-master/Android/app/src/main/java/app/intra/sys/IntraVpnService.java,app.intra.sys.IntraVpnService,isOn/0,false,104,0,1,1,0,2,0,3,1,0,0,0,0,0,0,1,0,0,0,0,0,0,0,0,0,0,5,1,0,false
/home/mohit/projects/Intra-master/Android/app/src/main/java/app/intra/sys/IntraVpnService.java,app.intra.sys.IntraVpnService,spawnServerUpdate/0,false,120,0,3,2,1,2,1,12,0,0,0,1,0,0,0,1,0,0,1,0,0,0,2,1,0,0,13,2,0,false
/home/mohit/projects/Intra-master/Android/app/src/main/java/app/intra/sys/IntraVpnService.java,app.intra.sys.IntraVpnService,signalStopService/1[boolean],false,256,9,5,2,3,4,24,33,0,8,1,24,2,1,0,0,0,0,1,3,10,0,2,0,0,0,36,1,0,false
/home/mohit/projects/Intra-master/Android/app/src/main/java/app/intra/sys/IntraVpnService.java,app.intra.sys.IntraVpnService,syncNumRequests/0,false,428,2,4,2,2,1,2,3,0,0,0,2,1,1,0,0,0,0,0,0,0,0,0,0,0,0,5,2,0,false
/home/mohit/projects/Intra-master/Android/app/src/main/java/app/intra/sys/IntraVpnService.java,app.intra.sys.IntraVpnService,startVpn/0,false,216,4,4,1,3,4,4,13,1,0,0,4,1,2,0,3,0,0,1,0,0,0,2,0,0,0,36,2,0,true
/home/mohit/projects/Intra-master/Android/app/src/main/java/app/intra/sys/IntraVpnService.java,app.intra.sys.IntraVpnService,onCreate/0,false,247,4,4,0,4,1,4,6,0,0,0,4,1,2,0,0,0,0,1,0,1,0,0,0,0,0,11,1,0,false
/home/mohit/projects/Intra-master/Android/app/src/main/java/app/intra/sys/IntraVpnService.java,app.intra.sys.IntraVpnService,getTracker/0,false,424,2,3,2,1,1,1,3,1,0,0,1,0,0,0,0,0,0,0,0,0,0,0,0,0,0,3,2,0,false
/home/mohit/projects/Intra-master/Android/app/src/main/java/app/intra/sys/IntraVpnService.java,app.intra.sys.IntraVpnService,newBuilder/0,false,376,4,3,1,2,4,5,17,1,1,0,5,0,0,1,0,1,0,2,0,4,0,3,0,0,0,9,1,0,false
/home/mohit/projects/Intra-master/Android/app/src/main/java/app/intra/sys/IntraVpnService.java,app.intra.sys.IntraVpnService,recordTransaction/1[app.intra.net.doh.Transaction],false,398,5,4,1,3,4,9,17,1,1,1,9,1,1,0,2,0,0,0,0,3,0,1,0,0,0,9,1,0,false
/home/mohit/projects/Intra-master/Android/app/src/main/java/app/intra/sys/IntraVpnService.java,app.intra.sys.IntraVpnService,restartVpn/0,false,232,3,5,1,4,2,4,13,0,1,0,4,1,1,0,1,0,0,1,0,2,0,2,0,0,0,9,2,0,false
/home/mohit/projects/Intra-master/Android/app/src/main/java/app/intra/sys/IntraVpnService.java,app.intra.sys.IntraVpnService,setNetworkConnected/1[boolean],false,432,2,2,2,0,3,3,7,0,1,1,3,0,0,0,0,0,0,0,0,2,0,1,0,0,0,12,2,0,false
/home/mohit/projects/Intra-master/Android/app/src/main/java/app/intra/sys/IntraVpnService.java,app.intra.sys.IntraVpnService,makeVpnAdapter/0,false,308,1,3,2,1,1,1,3,1,0,0,1,0,0,0,0,0,0,0,0,0,0,0,0,0,0,4,2,0,false
/home/mohit/projects/Intra-master/Android/app/src/main/java/app/intra/sys/IntraVpnService.java,app.intra.sys.IntraVpnService,updateQuickSettingsTile/0,false,337,2,2,2,0,2,1,5,0,0,0,1,0,0,0,0,0,0,0,0,0,0,1,0,0,0,6,2,0,false
/home/mohit/projects/Intra-master/Android/app/src/main/java/app/intra/sys/IntraVpnService.java,app.intra.sys.IntraVpnService,getResolvers/0,false,467,1,1,0,1,3,5,10,1,2,0,5,0,0,1,0,0,0,1,0,2,0,2,0,0,0,7,1,0,false
/home/mohit/projects/Intra-master/Android/app/src/main/java/app/intra/sys/IntraVpnService.java,app.intra.sys.IntraVpnService,"onStartCommand/3[app.intra.sys.Intent,int,int]",false,135,9,4,0,4,4,22,35,2,7,3,22,2,1,0,1,0,0,1,1,12,0,2,0,0,0,51,1,0,false
/home/mohit/projects/Intra-master/Android/app/src/main/java/app/intra/sys/IntraVpnService.java,app.intra.sys.IntraVpnService,onNetworkDisconnected/0,false,460,3,3,0,3,1,3,5,0,0,0,3,1,1,0,0,0,0,1,0,0,0,0,0,0,0,6,1,0,false
/home/mohit/projects/Intra-master/Android/app/src/main/java/app/intra/sys/IntraVpnService.java,app.intra.sys.IntraVpnService,"onSharedPreferenceChanged/2[app.intra.sys.SharedPreferences,java.lang.String]",false,109,3,3,0,3,4,4,9,0,0,2,4,2,2,0,1,0,0,0,0,1,0,1,0,0,0,15,1,0,false
/home/mohit/projects/Intra-master/Android/app/src/main/java/app/intra/sys/IntraVpnService.java,app.intra.sys.IntraVpnService,stopVpnAdapter/0,false,327,2,3,1,2,2,2,9,0,0,0,2,0,0,0,1,0,0,0,0,1,0,2,0,0,0,6,2,0,false
/home/mohit/projects/Intra-master/Android/app/src/main/java/app/intra/sys/IntraVpnService.java,app.intra.sys.IntraVpnService,onDestroy/0,false,345,4,5,0,5,3,8,15,0,0,0,8,2,3,0,2,0,0,1,0,0,0,2,0,0,0,23,1,0,false
/home/mohit/projects/Intra-master/Android/app/src/main/java/app/intra/sys/IntraVpnService.java,app.intra.sys.IntraVpnService,onRevoke/0,false,368,2,2,0,2,1,3,5,0,0,0,3,0,0,0,0,0,0,1,0,0,0,0,0,0,0,5,1,0,false
/home/mohit/projects/Intra-master/Android/app/src/main/java/app/intra/sys/IntraVpnService.java,app.intra.sys.IntraVpnService,updateServerConnection/0,false,202,2,2,1,1,2,1,7,0,0,0,1,0,0,0,1,0,0,0,0,0,0,2,0,0,0,7,2,0,false
/home/mohit/projects/Intra-master/Android/app/src/main/java/app/intra/net/doh/Prober.java,app.intra.net.doh.Prober$Callback,onCompleted/1[boolean],false,39,0,4,4,0,1,0,1,0,0,1,0,0,0,0,0,0,0,0,0,0,0,0,0,0,0,3,0,0,false
/home/mohit/projects/Intra-master/Android/app/src/main/java/app/intra/ui/settings/ServerChooser.java,app.intra.ui.settings.ServerChooser,ServerChooser/1[app.intra.ui.settings.Context],true,40,3,1,0,1,1,1,4,0,0,1,1,1,1,0,0,0,0,0,0,0,0,0,0,0,0,5,1,0,false
/home/mohit/projects/Intra-master/Android/app/src/main/java/app/intra/ui/settings/ServerChooser.java,app.intra.ui.settings.ServerChooser,"ServerChooser/4[app.intra.ui.settings.Context,app.intra.ui.settings.AttributeSet,int,int]",true,56,4,1,0,1,1,1,4,0,0,4,1,1,1,0,0,0,0,0,0,0,0,0,0,0,0,8,1,0,false
/home/mohit/projects/Intra-master/Android/app/src/main/java/app/intra/ui/settings/ServerChooser.java,app.intra.ui.settings.ServerChooser,setUrl/1[java.lang.String],false,87,1,3,2,1,1,2,5,0,0,1,2,1,1,0,0,0,0,0,0,1,0,0,0,0,0,7,1,0,false
/home/mohit/projects/Intra-master/Android/app/src/main/java/app/intra/ui/settings/ServerChooser.java,app.intra.ui.settings.ServerChooser,"ServerChooser/2[app.intra.ui.settings.Context,app.intra.ui.settings.AttributeSet]",true,45,3,1,0,1,1,1,4,0,0,2,1,1,1,0,0,0,0,0,0,0,0,0,0,0,0,6,1,0,false
/home/mohit/projects/Intra-master/Android/app/src/main/java/app/intra/ui/settings/ServerChooser.java,app.intra.ui.settings.ServerChooser,initialize/1[app.intra.ui.settings.Context],false,61,1,4,4,0,1,6,7,0,0,1,6,0,0,0,0,0,0,0,0,1,0,0,0,0,0,15,2,0,false
/home/mohit/projects/Intra-master/Android/app/src/main/java/app/intra/ui/settings/ServerChooser.java,app.intra.ui.settings.ServerChooser,onSetInitialValue/1[java.lang.Object],false,73,1,1,0,1,2,2,4,0,1,1,2,1,2,0,1,0,0,0,0,1,0,0,0,0,0,14,4,0,false
/home/mohit/projects/Intra-master/Android/app/src/main/java/app/intra/ui/settings/ServerChooser.java,app.intra.ui.settings.ServerChooser,getUrl/0,false,83,0,1,1,0,1,0,3,1,0,0,0,0,0,0,0,0,0,0,0,0,0,0,0,0,0,3,1,0,false
/home/mohit/projects/Intra-master/Android/app/src/main/java/app/intra/ui/settings/ServerChooser.java,app.intra.ui.settings.ServerChooser,"ServerChooser/3[app.intra.ui.settings.Context,app.intra.ui.settings.AttributeSet,int]",true,50,3,1,0,1,1,1,4,0,0,3,1,1,1,0,0,0,0,0,0,0,0,0,0,0,0,7,1,0,false
/home/mohit/projects/Intra-master/Android/app/src/main/java/app/intra/ui/settings/ServerChooser.java,app.intra.ui.settings.ServerChooser,"onGetDefaultValue/2[app.intra.ui.settings.TypedArray,int]",false,79,1,0,0,0,1,1,3,1,0,2,1,0,0,0,0,0,0,0,0,0,0,0,0,0,0,8,4,0,false
/home/mohit/projects/Intra-master/Android/app/src/main/java/app/intra/ui/settings/ServerChooser.java,app.intra.ui.settings.ServerChooser,updateSummary/1[java.lang.String],false,94,1,2,1,1,3,5,16,0,2,1,5,0,0,0,1,1,0,0,0,4,0,1,0,0,0,15,2,0,false
/home/mohit/projects/Intra-master/Android/app/src/main/java/app/intra/sys/IntraVpnService.java,app.intra.sys.IntraVpnService$Anonymous1,run/0,false,125,1,3,0,3,1,1,3,0,0,0,1,0,0,0,0,0,0,0,0,0,0,0,0,0,0,4,1,0,false
/home/mohit/projects/Intra-master/Android/app/src/main/java/app/intra/sys/NetworkManager.java,app.intra.sys.NetworkManager,destroy/0,false,78,0,1,1,0,3,3,14,1,0,0,3,0,0,0,1,1,0,1,0,1,1,1,0,0,0,8,0,0,false
/home/mohit/projects/Intra-master/Android/app/src/main/java/app/intra/sys/NetworkManager.java,app.intra.sys.NetworkManager,"NetworkManager/2[app.intra.sys.Context,app.intra.sys.NetworkManager.NetworkListener]",true,53,6,3,2,1,3,7,18,0,2,2,7,0,0,0,1,0,0,0,0,6,0,1,1,0,0,19,1,0,false
/home/mohit/projects/Intra-master/Android/app/src/main/java/app/intra/sys/NetworkManager.java,app.intra.sys.NetworkManager,connectivityChanged/1[app.intra.sys.Intent],false,93,4,4,1,3,7,7,18,2,2,1,7,1,1,0,4,0,0,2,0,2,2,1,0,0,0,24,2,0,false
/home/mohit/projects/Intra-master/Android/app/src/main/java/app/intra/sys/NetworkManager.java,app.intra.sys.NetworkManager,isConnectedNetwork/1[app.intra.sys.NetworkInfo],false,118,1,1,1,0,2,2,6,2,0,1,2,0,0,0,1,0,0,0,0,0,0,1,0,0,0,7,10,0,false
/home/mohit/projects/Intra-master/Android/app/src/main/java/app/intra/sys/NetworkManager.java,app.intra.sys.NetworkManager,getSystemResolvers/0,false,138,3,3,1,2,6,7,27,2,7,0,7,0,0,2,1,1,0,4,0,7,0,3,0,0,0,89,0,0,true
/home/mohit/projects/Intra-master/Android/app/src/main/java/app/intra/sys/IntraTileService.java,app.intra.sys.IntraTileService,onStartListening/0,false,34,3,2,0,2,3,5,14,1,2,0,5,0,0,0,1,0,0,0,0,2,0,1,0,0,0,11,1,0,false
/home/mohit/projects/Intra-master/Android/app/src/main/java/app/intra/sys/IntraTileService.java,app.intra.sys.IntraTileService,onBind/1[app.intra.sys.Intent],false,71,4,0,0,0,1,2,4,1,0,1,2,0,0,0,0,0,0,0,0,0,0,0,0,0,0,8,1,0,false
/home/mohit/projects/Intra-master/Android/app/src/main/java/app/intra/sys/IntraTileService.java,app.intra.sys.IntraTileService,onClick/0,false,52,4,4,0,4,3,7,16,0,2,0,7,0,0,0,1,0,0,0,0,2,0,2,0,0,0,12,1,0,false
/home/mohit/projects/Intra-master/Android/app/src/main/java/app/intra/sys/firebase/AnalyticsWrapper.java,app.intra.sys.firebase.AnalyticsWrapper,onNetworkConnected/1[app.intra.sys.firebase.NetworkInfo],false,83,1,0,0,0,1,0,3,0,0,1,0,0,0,0,0,0,0,0,0,1,0,0,0,0,0,5,1,0,false
/home/mohit/projects/Intra-master/Android/app/src/main/java/app/intra/sys/firebase/AnalyticsWrapper.java,app.intra.sys.firebase.AnalyticsWrapper,logTryAllCancelled/1[java.lang.String],false,196,2,3,0,3,1,2,3,0,0,1,2,1,2,0,0,0,0,0,0,0,0,0,0,0,0,14,1,0,true
/home/mohit/projects/Intra-master/Android/app/src/main/java/app/intra/sys/firebase/AnalyticsWrapper.java,app.intra.sys.firebase.AnalyticsWrapper,logBootstrapFailed/1[java.lang.String],false,136,2,3,0,3,1,2,3,0,0,1,2,1,2,0,0,0,0,0,0,0,0,0,0,0,0,14,1,0,true
/home/mohit/projects/Intra-master/Android/app/src/main/java/app/intra/sys/firebase/AnalyticsWrapper.java,app.intra.sys.firebase.AnalyticsWrapper,AnalyticsWrapper/1[app.intra.sys.firebase.Context],true,66,3,3,1,2,1,1,5,0,0,1,1,0,0,0,0,0,0,0,0,3,0,0,0,0,0,11,2,0,false
/home/mohit/projects/Intra-master/Android/app/src/main/java/app/intra/sys/firebase/AnalyticsWrapper.java,app.intra.sys.firebase.AnalyticsWrapper,logTryAllFailed/0,false,211,2,2,0,2,1,1,3,0,0,0,1,1,2,0,0,0,0,0,0,0,0,0,0,0,0,12,1,0,true
/home/mohit/projects/Intra-master/Android/app/src/main/java/app/intra/sys/firebase/AnalyticsWrapper.java,app.intra.sys.firebase.AnalyticsWrapper,"log/2[app.intra.sys.firebase.AnalyticsWrapper.Events,app.intra.sys.firebase.BundleBuilder]",false,106,5,16,11,5,4,11,11,0,2,2,11,1,1,0,0,0,0,1,0,3,0,1,0,0,0,8,2,0,false
/home/mohit/projects/Intra-master/Android/app/src/main/java/app/intra/sys/firebase/AnalyticsWrapper.java,app.intra.sys.firebase.AnalyticsWrapper,logTryAllDialog/1[java.lang.String],false,204,2,3,0,3,1,2,3,0,0,1,2,1,2,0,0,0,0,0,0,0,0,0,0,0,0,18,1,0,true
/home/mohit/projects/Intra-master/Android/app/src/main/java/app/intra/sys/firebase/AnalyticsWrapper.java,app.intra.sys.firebase.AnalyticsWrapper,get/1[app.intra.sys.firebase.Context],false,75,2,6,5,1,2,0,6,1,0,1,0,0,0,0,1,0,0,0,0,1,0,1,0,0,0,7,9,0,false
/home/mohit/projects/Intra-master/Android/app/src/main/java/app/intra/sys/firebase/AnalyticsWrapper.java,app.intra.sys.firebase.AnalyticsWrapper,logStartVPN/1[java.lang.String],false,180,2,4,1,3,1,2,3,0,0,1,2,1,2,0,0,0,0,0,0,0,0,0,0,0,0,14,1,0,true
/home/mohit/projects/Intra-master/Android/app/src/main/java/app/intra/sys/firebase/AnalyticsWrapper.java,app.intra.sys.firebase.AnalyticsWrapper,logTryAllAccepted/1[java.lang.String],false,188,2,3,0,3,1,2,3,0,0,1,2,1,2,0,0,0,0,0,0,0,0,0,0,0,0,16,1,0,true
/home/mohit/projects/Intra-master/Android/app/src/main/java/app/intra/sys/firebase/AnalyticsWrapper.java,app.intra.sys.firebase.AnalyticsWrapper,"logEarlyReset/5[int,int,boolean,int,boolean]",false,167,2,4,1,3,3,2,3,0,0,5,2,1,2,0,0,0,0,0,4,0,0,0,0,0,0,49,1,0,true
/home/mohit/projects/Intra-master/Android/app/src/main/java/app/intra/sys/firebase/AnalyticsWrapper.java,app.intra.sys.firebase.AnalyticsWrapper,onNetworkDisconnected/0,false,88,0,0,0,0,1,0,3,0,0,0,0,0,0,0,0,0,0,0,0,1,0,0,0,0,0,4,1,0,false
/home/mohit/projects/Intra-master/Android/app/src/main/java/app/intra/sys/firebase/AnalyticsWrapper.java,app.intra.sys.firebase.AnalyticsWrapper,getNetworkType/0,false,92,2,1,1,0,4,1,14,4,2,0,1,0,0,0,3,0,0,0,0,2,0,1,0,0,0,9,2,0,false
/home/mohit/projects/Intra-master/Android/app/src/main/java/app/intra/sys/firebase/AnalyticsWrapper.java,app.intra.sys.firebase.AnalyticsWrapper,"logTCP/5[long,long,int,int,int]",false,149,2,5,1,4,1,3,3,0,0,5,3,1,2,0,0,0,0,0,0,0,0,0,0,0,0,39,1,0,true
/home/mohit/projects/Intra-master/Android/app/src/main/java/app/intra/sys/firebase/AnalyticsWrapper.java,app.intra.sys.firebase.AnalyticsWrapper,"logBootstrap/2[java.lang.String,int]",false,126,2,4,0,4,1,3,3,0,0,2,3,1,2,0,0,0,0,0,0,0,0,0,0,0,0,17,1,0,true
/home/mohit/projects/Intra-master/Android/app/src/main/java/app/intra/sys/firebase/AnalyticsWrapper.java,app.intra.sys.firebase.AnalyticsWrapper,logTryAllRequested/0,false,218,2,2,0,2,1,1,3,0,0,0,1,1,2,0,0,0,0,0,0,0,0,0,0,0,0,9,1,0,true
/home/mohit/projects/Intra-master/Android/app/src/main/java/app/intra/sys/firebase/AnalyticsWrapper.java,app.intra.sys.firebase.AnalyticsWrapper,"logUDP/3[long,long,int]",false,228,2,5,1,4,1,3,3,0,0,3,3,1,2,0,0,0,0,0,0,0,0,0,0,0,0,22,1,0,true
/home/mohit/projects/Intra-master/Android/app/src/main/java/app/intra/sys/VpnController.java,app.intra.sys.VpnController,setIntraVpnService/1[app.intra.sys.IntraVpnService],false,46,1,2,2,0,1,0,3,0,0,1,0,0,0,0,0,0,0,0,0,1,0,0,0,0,0,5,0,0,false
/home/mohit/projects/Intra-master/Android/app/src/main/java/app/intra/sys/VpnController.java,app.intra.sys.VpnController,getIntraVpnService/0,false,50,2,1,1,0,1,0,3,1,0,0,0,0,0,0,0,0,0,0,0,0,0,0,0,0,0,4,1,0,false
/home/mohit/projects/Intra-master/Android/app/src/main/java/app/intra/sys/VpnController.java,app.intra.sys.VpnController,getState/1[app.intra.sys.Context],false,109,4,8,5,3,2,2,5,1,2,1,2,0,0,0,1,0,0,0,0,2,0,0,0,0,0,10,33,0,false
/home/mohit/projects/Intra-master/Android/app/src/main/java/app/intra/sys/VpnController.java,app.intra.sys.VpnController,stateChanged/1[app.intra.sys.Context],false,63,2,4,4,0,1,3,4,0,1,1,3,0,0,0,0,0,0,0,0,1,0,0,0,0,0,6,2,0,false
/home/mohit/projects/Intra-master/Android/app/src/main/java/app/intra/sys/VpnController.java,app.intra.sys.VpnController,"onConnectionStateChanged/2[app.intra.sys.Context,app.intra.sys.IntraVpnService.State]",false,54,3,6,5,1,2,1,7,1,0,2,1,1,1,0,1,0,0,0,0,1,0,1,0,0,0,12,33,0,false
/home/mohit/projects/Intra-master/Android/app/src/main/java/app/intra/sys/VpnController.java,app.intra.sys.VpnController,VpnController/0,true,44,0,1,1,0,1,0,2,0,0,0,0,0,0,0,0,0,0,0,0,0,0,0,0,0,0,2,2,0,false
/home/mohit/projects/Intra-master/Android/app/src/main/java/app/intra/sys/VpnController.java,app.intra.sys.VpnController,clone/0,false,29,0,0,0,0,1,0,3,0,0,0,0,0,0,0,0,0,0,0,0,0,0,0,0,0,0,6,1,0,false
/home/mohit/projects/Intra-master/Android/app/src/main/java/app/intra/sys/VpnController.java,app.intra.sys.VpnController,getTracker/1[app.intra.sys.Context],false,68,2,8,7,1,2,0,6,1,0,1,0,0,0,0,1,0,0,0,0,1,0,1,0,0,0,7,33,0,false
/home/mohit/projects/Intra-master/Android/app/src/main/java/app/intra/sys/VpnController.java,app.intra.sys.VpnController,getInstance/0,false,33,1,18,17,1,2,0,6,1,0,0,0,0,0,0,1,0,0,0,0,1,0,1,0,0,0,8,41,0,false
/home/mohit/projects/Intra-master/Android/app/src/main/java/app/intra/sys/VpnController.java,app.intra.sys.VpnController,"onStartComplete/2[app.intra.sys.Context,boolean]",false,89,2,3,1,2,2,2,8,0,0,2,2,2,2,0,0,0,0,0,0,0,0,1,0,0,0,9,32,0,false
/home/mohit/projects/Intra-master/Android/app/src/main/java/app/intra/sys/VpnController.java,app.intra.sys.VpnController,start/1[app.intra.sys.Context],false,75,5,5,3,2,3,4,14,1,1,1,4,1,1,0,1,0,0,0,0,1,0,1,0,0,0,10,33,0,false
/home/mohit/projects/Intra-master/Android/app/src/main/java/app/intra/sys/VpnController.java,app.intra.sys.VpnController,stop/1[app.intra.sys.Context],false,99,4,6,3,3,2,3,9,0,0,1,3,1,1,0,1,0,0,0,0,2,0,1,0,0,0,12,33,0,false
/home/mohit/projects/Intra-master/Android/app/src/main/java/app/intra/net/doh/Prober.java,app.intra.net.doh.Prober,"probe/2[java.lang.String,app.intra.net.doh.Prober.Callback]",false,42,1,1,1,0,1,0,1,0,0,2,0,0,0,0,0,0,0,0,0,0,0,0,0,0,0,20,1025,0,true
/home/mohit/projects/Intra-master/Android/app/src/main/java/app/intra/net/go/GoProber.java,app.intra.net.go.GoProber,GoProber/1[app.intra.net.go.Context],true,34,1,1,1,0,1,0,3,0,0,1,0,0,0,0,0,0,0,0,0,1,0,0,0,0,0,4,1,0,false
/home/mohit/projects/Intra-master/Android/app/src/main/java/app/intra/net/go/GoProber.java,app.intra.net.go.GoProber,"probe/2[java.lang.String,app.intra.net.doh.Prober.Callback]",false,39,6,4,0,4,6,7,23,2,4,2,7,0,0,0,2,1,0,0,1,4,0,3,0,0,1,25,1,0,false
/home/mohit/projects/Intra-master/Android/app/src/main/java/app/intra/net/doh/Race.java,app.intra.net.doh.Race,"start/3[app.intra.net.doh.Context,java.lang.String[],app.intra.net.doh.Race.Listener]",false,41,5,2,0,2,1,1,4,0,1,3,1,1,1,0,0,0,0,0,0,1,0,0,0,0,0,39,9,0,true
/home/mohit/projects/Intra-master/Android/app/src/main/java/app/intra/net/doh/Race.java,app.intra.net.doh.Race,"start/3[app.intra.net.doh.Prober,java.lang.String[],app.intra.net.doh.Race.Listener]",false,47,4,7,4,3,2,1,6,0,2,3,1,0,0,1,0,0,0,0,1,2,0,1,0,0,0,7,8,0,false
